update company  set count_files = COALESCE ((select count(*) from company_file where company_idcompany = idcompany),0);
update bu  set count_files = COALESCE ((select count(*) from bu_file where bu_idbu = idbu),0);
update lob  set count_files = COALESCE ((select count(*) from lob_file where lob_idlob = idlob),0);
update costcenter  set count_files = COALESCE ((select count(*) from costcenter_file  where costcenter_idcostcenter = idcostcenter),0);
update project  set count_files = COALESCE ((select count(*) from project_file where project_idproject = idproject),0);
update restriction a  set count_files = COALESCE ((select count(*) from restriction_file  where restriction_id = a.id),0);




ALTER TABLE user_role ADD UNIQUE unique_index(user_username, role);
update users set internal = 1 where internal is null;
update users set gender = 1;
update users set gender = 0 where gender ='Female';
update users set login = lower(trim(username)) where login is null;
update users set  active =1 where status = 'Active';
update users set  active =0 where status = 'Inactive';
update users u set user_username = 'a.abourhnim';

update users a set a.cin = (select b.cin from e_general_data  b where b.RESURCE_ID =  a.username);
update users a set a.phone = (select b.p_mobile from e_general_data  b where b.RESURCE_ID =  a.username);
update users a set a.phone2 = (select b.s_mobile from e_general_data  b where b.RESURCE_ID =  a.username);
update users a set a.job = (select b.jobe_title from e_general_data  b where b.RESURCE_ID =  a.username);
update users a set a.birthday = (select b.BIRTHDAY from e_general_data  b where b.RESURCE_ID =  a.username);
update users a set id_photo ="none.png" where id_photo is null;


ALTER TABLE gcom.restriction MODIFY COLUMN start_date DATETIME NOT NULL;
ALTER TABLE gcom.restriction MODIFY COLUMN end_date DATETIME NULL;
ALTER TABLE gcom.restriction MODIFY COLUMN resolution_date DATETIME NULL;

ALTER TABLE gcom.e_general_data ADD CONSTRAINT e_general_data_UN UNIQUE KEY (id);
ALTER TABLE gcom.e_general_data MODIFY COLUMN id int(11) auto_increment NOT NULL;


DELETE FROM gcom.bankaccount WHERE idbankAccount=899;
DELETE FROM gcom.employe_file WHERE idemployefile=2135;
DELETE FROM gcom.employe_file WHERE idemployefile=2134;
DELETE FROM gcom.e_general_data WHERE RESURCE_ID='r.elouard';

insert into task_template (id,name) values(1,"Global Project");
insert into task_template (id,name) values(2,"NI Project");
insert into task_template (id,name) values(3,"PS Project");
insert into task_template (id,name) values(4,"TNM Project");
insert into task_template (id,name) values(5,"OS Project");
insert into task_template (id,name) values(6,"Sales");
insert into task_template (id,name) values(7,"DaysOff");
insert into task_template (id,name) values(8,"Finance");
insert into task_template (id,name) values(9,"Admin");
insert into task_template (id,name) values(10,"Medical");

insert into task_template_detail (task_template_id,name) values(1,"Project Preparation and Planning");
insert into task_template_detail (task_template_id,name) values(1,"Project Management");
insert into task_template_detail (task_template_id,name) values(1,"Team & resource Management");
insert into task_template_detail (task_template_id,name) values(1,"Customer Management");
insert into task_template_detail (task_template_id,name) values(1,"RFQ Preparation & Bid Defense");
insert into task_template_detail (task_template_id,name) values(1,"Business Development");

insert into task_template_detail (task_template_id,name) values(2,"Project Management");
insert into task_template_detail (task_template_id,name) values(2,"Back office & Reporting");
insert into task_template_detail (task_template_id,name) values(2,"Field Installation, commissioning and integration");
insert into task_template_detail (task_template_id,name) values(2,"Project Equipement delivery");
insert into task_template_detail (task_template_id,name) values(2,"OJT, Training and documentation");

insert into task_template_detail (task_template_id,name) values(3,"Project Management");
insert into task_template_detail (task_template_id,name) values(3,"Back office & Reporting");
insert into task_template_detail (task_template_id,name) values(3,"Field Measurement");
insert into task_template_detail (task_template_id,name) values(3,"OJT, Training and documentation");
insert into task_template_detail (task_template_id,name) values(3,"Project service Delivery");

insert into task_template_detail (task_template_id,name) values(4,"Project Management");
insert into task_template_detail (task_template_id,name) values(4,"Back office & Reporting");
insert into task_template_detail (task_template_id,name) values(4,"Project service Delivery");
insert into task_template_detail (task_template_id,name) values(4,"Project equipement Delivery");
insert into task_template_detail (task_template_id,name) values(4,"OJT, Training and documentation");

insert into task_template_detail (task_template_id,name) values(5,"Project delivery");
insert into task_template_detail (task_template_id,name) values(5,"Project Resource Management");

insert into task_template_detail (task_template_id,name) values(6,"Business prospection");
insert into task_template_detail (task_template_id,name) values(6,"Customer meeting");
insert into task_template_detail (task_template_id,name) values(6,"Negotiation and bid defense");
insert into task_template_detail (task_template_id,name) values(6,"Partner relationship development");
insert into task_template_detail (task_template_id,name) values(6,"RFQ Preparation");

insert into task_template_detail (task_template_id,name) values(7,"Planned Days Off, Vacation");
insert into task_template_detail (task_template_id,name) values(7,"Unplanned days OFF, Absence");

insert into task_template_detail (task_template_id,name) values(8,"Accounting and Tax Management");
insert into task_template_detail (task_template_id,name) values(8,"Payroll Management");
insert into task_template_detail (task_template_id,name) values(8,"AR Management");
insert into task_template_detail (task_template_id,name) values(8,"AP Management");
insert into task_template_detail (task_template_id,name) values(8,"Projects Expenses Management");

insert into task_template_detail (task_template_id,name) values(9,"Project Tools Management");
insert into task_template_detail (task_template_id,name) values(9,"Logistics and Transportation");
insert into task_template_detail (task_template_id,name) values(9,"Facility Management");
insert into task_template_detail (task_template_id,name) values(9,"General Admin Task");

insert into task_template_detail (task_template_id,name) values(10,"Project Management");
insert into task_template_detail (task_template_id,name) values(10,"Project sourcing");
insert into task_template_detail (task_template_id,name) values(10,"Project delivery Planning and Preparation");
insert into task_template_detail (task_template_id,name) values(10,"Equipment delivery");
insert into task_template_detail (task_template_id,name) values(10,"Equipment Installation and configuration");
insert into task_template_detail (task_template_id,name) values(10,"Project customer acceptance");
insert into task_template_detail (task_template_id,name) values(10,"Customer Training");
insert into task_template_detail (task_template_id,name) values(10,"Preventive Maintenance");
insert into task_template_detail (task_template_id,name) values(10,"Corrective Maintenance");
insert into task_template_detail (task_template_id,name) values(10,"OJT, Training and documentation");

INSERT INTO user_role (role,user_username) VALUES 
('ROLE_IEXPENSE','a.abdellaoui')
,('ROLE_IFINANCE','a.abdellaoui')
,('ROLE_MYHR','a.abdellaoui')
,('ROLE_MYTOOLS','a.abdellaoui')
,('ROLE_WTR','a.abdellaoui')
,('ROLE_IEXPENSE','a.aboulkamal')
,('ROLE_MYHR','a.aboulkamal')
,('ROLE_MYTOOLS','a.aboulkamal')
,('ROLE_WTR','a.aboulkamal')
,('IFINANCE_BS','a.abourhnim')
;
INSERT INTO user_role (role,user_username) VALUES 
('IFINANCE_EX','a.abourhnim')
,('IFINANCE_TM','a.abourhnim')
,('IFINANCE_USER','a.abourhnim')
,('ROLE_ADMIN','a.abourhnim')
,('ROLE_MYOFFICE','a.abourhnim')
,('ROLE_MYOFFICE_ADMIN','a.abourhnim')
,('ROLE_MYOFFICE_SUPERVISOR','a.abourhnim')
,('ROLE_MYOFFICE_USER','a.abourhnim')
,('ROLE_HR_INSSURANCE','a.abourhnim')
,('ROLE_HR_PAYROLL','a.abourhnim')
;
INSERT INTO user_role (role,user_username) VALUES 
('ROLE_IBUY','a.abourhnim')
,('ROLE_IEXPENSE','a.abourhnim')
,('ROLE_IFINANCE','a.abourhnim')
,('ROLE_ILOGISTICS','a.abourhnim')
,('ROLE_ILOGISTICS_PM','a.abourhnim')
,('ROLE_ILOGISTICS_USER','a.abourhnim')
,('ROLE_INVOICE','a.abourhnim')
,('ROLE_MT_LOM','a.abourhnim')
,('ROLE_MYHR','a.abourhnim')
,('ROLE_MYPM','a.abourhnim')
;
INSERT INTO user_role (role,user_username) VALUES 
('ROLE_MYREPORTS','a.abourhnim')
,('ROLE_MYTOOLS','a.abourhnim')
,('ROLE_RH','a.abourhnim')
,('ROLE_SDM','a.abourhnim')
,('ROLE_SDM_ADMIN','a.abourhnim')
,('ROLE_SDM_ASSISTANT','a.abourhnim')
,('ROLE_SDM_COORDINATOR','a.abourhnim')
,('ROLE_SDM_PM','a.abourhnim')
,('ROLE_WTR','a.abourhnim')
,('ROLE_IFINANCE','a.abra')
;
INSERT INTO user_role (role,user_username) VALUES 
('ROLE_IEXPENSE','a.achak')
,('ROLE_MYHR','a.achak')
,('ROLE_MYTOOLS','a.achak')
,('ROLE_WTR','a.achak')
,('ROLE_WTR','a.adel')
,('ROLE_IEXPENSE','a.afifi')
,('ROLE_MYHR','a.afifi')
,('ROLE_MYTOOLS','a.afifi')
,('ROLE_WTR','a.afifi')
,('ROLE_IEXPENSE','a.agnaou')
;
INSERT INTO user_role (role,user_username) VALUES 
('ROLE_MYHR','a.agnaou')
,('ROLE_MYTOOLS','a.agnaou')
,('ROLE_WTR','a.agnaou')
,('ROLE_MYOFFICE','a.ahmine')
,('ROLE_MYOFFICE_DRIVER','a.ahmine')
,('ROLE_IEXPENSE','a.ahmine')
,('ROLE_MYHR','a.ahmine')
,('ROLE_MYTOOLS','a.ahmine')
,('ROLE_WTR','a.ahmine')
,('ROLE_IEXPENSE','a.aissaoui')
;
INSERT INTO user_role (role,user_username) VALUES 
('ROLE_IFINANCE','a.aissaoui')
,('ROLE_MYHR','a.aissaoui')
,('ROLE_MYTOOLS','a.aissaoui')
,('ROLE_WTR','a.aissaoui')
,('ROLE_IEXPENSE','a.aitahmed')
,('ROLE_MYHR','a.aitahmed')
,('ROLE_MYTOOLS','a.aitahmed')
,('ROLE_WTR','a.aitahmed')
,('ROLE_IEXPENSE','a.aitelhaj')
,('ROLE_MYHR','a.aitelhaj')
;
INSERT INTO user_role (role,user_username) VALUES 
('ROLE_MYTOOLS','a.aitelhaj')
,('ROLE_WTR','a.aitelhaj')
,('ROLE_IEXPENSE','a.aitelqadi')
,('ROLE_MYHR','a.aitelqadi')
,('ROLE_MYTOOLS','a.aitelqadi')
,('ROLE_WTR','a.aitelqadi')
,('ROLE_IEXPENSE','a.aitkaroum')
,('ROLE_MYHR','a.aitkaroum')
,('ROLE_MYTOOLS','a.aitkaroum')
,('ROLE_WTR','a.aitkaroum')
;
INSERT INTO user_role (role,user_username) VALUES 
('ROLE_MYTOOLS','a.aitkhalti')
,('ROLE_IEXPENSE','a.akoutam')
,('ROLE_IFINANCE','a.akoutam')
,('ROLE_MYHR','a.akoutam')
,('ROLE_MYTOOLS','a.akoutam')
,('ROLE_WTR','a.akoutam')
,('ROLE_WTR','a.alkama')
,('ROLE_IEXPENSE','a.alliti')
,('ROLE_IFINANCE','a.alliti')
,('ROLE_MYHR','a.alliti')
;
INSERT INTO user_role (role,user_username) VALUES 
('ROLE_MYTOOLS','a.alliti')
,('ROLE_WTR','a.alliti')
,('ROLE_IEXPENSE','a.amarti')
,('ROLE_IFINANCE','a.amarti')
,('ROLE_MYHR','a.amarti')
,('ROLE_MYTOOLS','a.amarti')
,('ROLE_WTR','a.amarti')
,('ROLE_IEXPENSE','a.amrani')
,('ROLE_MYHR','a.amrani')
,('ROLE_MYTOOLS','a.amrani')
;
INSERT INTO user_role (role,user_username) VALUES 
('ROLE_WTR','a.amrani')
,('ROLE_IEXPENSE','a.athouf')
,('ROLE_IFINANCE','a.athouf')
,('ROLE_MYHR','a.athouf')
,('ROLE_MYTOOLS','a.athouf')
,('ROLE_WTR','a.athouf')
,('ROLE_IEXPENSE','a.ayach')
,('ROLE_IFINANCE','a.ayach')
,('ROLE_MYHR','a.ayach')
,('ROLE_MYTOOLS','a.ayach')
;
INSERT INTO user_role (role,user_username) VALUES 
('ROLE_WTR','a.ayach')
,('ROLE_WTR','a.ayoubi')
,('IFINANCE_EX','a.azdad')
,('ROLE_ADMIN','a.azdad')
,('ROLE_MYOFFICE','a.azdad')
,('ROLE_MYOFFICE_ADMIN','a.azdad')
,('ROLE_MYOFFICE_SUPERVISOR','a.azdad')
,('ROLE_MYOFFICE_TR_MANAGER','a.azdad')
,('ROLE_MYOFFICE_USER','a.azdad')
,('ROLE_COMPTA','a.azdad')
;
INSERT INTO user_role (role,user_username) VALUES 
('ROLE_HR_PAYROLL','a.azdad')
,('ROLE_IBUY','a.azdad')
,('ROLE_IEXPENSE','a.azdad')
,('ROLE_IFINANCE','a.azdad')
,('ROLE_ILOGISTICS','a.azdad')
,('ROLE_ILOGISTICS_ADMIN','a.azdad')
,('ROLE_ILOGISTICS_PM','a.azdad')
,('ROLE_ILOGISTICS_SE','a.azdad')
,('ROLE_ILOGISTICS_TM','a.azdad')
,('ROLE_ILOGISTICS_USER','a.azdad')
;
INSERT INTO user_role (role,user_username) VALUES 
('ROLE_ILOGISTICS_WM','a.azdad')
,('ROLE_INVOICE','a.azdad')
,('ROLE_IT_MANAGER','a.azdad')
,('ROLE_MR_EXEC','a.azdad')
,('ROLE_MT_LOM','a.azdad')
,('ROLE_MYHR','a.azdad')
,('ROLE_MYREPORTS','a.azdad')
,('ROLE_MYTOOLS','a.azdad')
,('ROLE_RH','a.azdad')
,('ROLE_SDM','a.azdad')
;
INSERT INTO user_role (role,user_username) VALUES 
('ROLE_SDM_ADMIN','a.azdad')
,('ROLE_SDM_PM','a.azdad')
,('ROLE_WTR','a.azdad')
,('ROLE_IEXPENSE','a.azzouzi')
,('ROLE_IFINANCE','a.azzouzi')
,('ROLE_MYHR','a.azzouzi')
,('ROLE_MYTOOLS','a.azzouzi')
,('ROLE_WTR','a.azzouzi')
,('ROLE_IEXPENSE','a.bahloul')
,('ROLE_MYHR','a.bahloul')
;
INSERT INTO user_role (role,user_username) VALUES 
('ROLE_MYTOOLS','a.bahloul')
,('ROLE_WTR','a.bahloul')
,('ROLE_IEXPENSE','a.banafsaji')
,('ROLE_IFINANCE','a.banafsaji')
,('ROLE_MYHR','a.banafsaji')
,('ROLE_MYTOOLS','a.banafsaji')
,('ROLE_WTR','a.banafsaji')
,('IFINANCE_USER','a.bassim')
,('ROLE_IBUY','a.bassim')
,('ROLE_IEXPENSE','a.bassim')
;
INSERT INTO user_role (role,user_username) VALUES 
('ROLE_IFINANCE','a.bassim')
,('ROLE_MT_ADMIN','a.bassim')
,('ROLE_MT_LOM','a.bassim')
,('ROLE_MYHR','a.bassim')
,('ROLE_MYTOOLS','a.bassim')
,('ROLE_WTR','a.bassim')
,('ROLE_IEXPENSE','a.bejrhit')
,('ROLE_IFINANCE','a.bejrhit')
,('ROLE_MYHR','a.bejrhit')
,('ROLE_MYTOOLS','a.bejrhit')
;
INSERT INTO user_role (role,user_username) VALUES 
('ROLE_WTR','a.bejrhit')
,('ROLE_MYTOOLS','a.belghit')
,('ROLE_WTR','a.belghit')
,('ROLE_WTR','a.belmamoun')
,('ROLE_WTR','a.benaissa')
,('ROLE_IEXPENSE','a.benarafa')
,('ROLE_MYHR','a.benarafa')
,('ROLE_MYTOOLS','a.benarafa')
,('ROLE_WTR','a.benarafa')
,('ROLE_IEXPENSE','a.benayada')
;
INSERT INTO user_role (role,user_username) VALUES 
('ROLE_IFINANCE','a.benayada')
,('ROLE_MYHR','a.benayada')
,('ROLE_MYTOOLS','a.benayada')
,('ROLE_WTR','a.benayada')
,('ROLE_IEXPENSE','a.benbouya')
,('ROLE_MYHR','a.benbouya')
,('ROLE_MYTOOLS','a.benbouya')
,('ROLE_WTR','a.benbouya')
,('ROLE_IEXPENSE','a.bendaoud')
,('ROLE_ILOGISTICS','a.bendaoud')
;
INSERT INTO user_role (role,user_username) VALUES 
('ROLE_ILOGISTICS_WM','a.bendaoud')
,('ROLE_MYHR','a.bendaoud')
,('ROLE_MYTOOLS','a.bendaoud')
,('ROLE_SDM','a.bendaoud')
,('ROLE_SDM_ADMIN','a.bendaoud')
,('ROLE_SDM_ASSISTANT','a.bendaoud')
,('ROLE_SDM_COORDINATOR','a.bendaoud')
,('ROLE_WTR','a.bendaoud')
,('ROLE_WTR','a.bendjoudi')
,('ROLE_IEXPENSE','a.benjaaouane')
;
INSERT INTO user_role (role,user_username) VALUES 
('ROLE_IFINANCE','a.benjaaouane')
,('ROLE_MYHR','a.benjaaouane')
,('ROLE_MYTOOLS','a.benjaaouane')
,('ROLE_WTR','a.benjaaouane')
,('ROLE_MYHR','a.benlhouari')
,('ROLE_MYTOOLS','a.benlhouari')
,('ROLE_WTR','a.benlhouari')
,('ROLE_IBUY','a.benmessaoud')
,('ROLE_IEXPENSE','a.benmessaoud')
,('ROLE_IFINANCE','a.benmessaoud')
;
INSERT INTO user_role (role,user_username) VALUES 
('ROLE_MYHR','a.benmessaoud')
,('ROLE_MYTOOLS','a.benmessaoud')
,('ROLE_WTR','a.benmessaoud')
,('ROLE_IEXPENSE','a.bentaifour')
,('ROLE_MYHR','a.bentaifour')
,('ROLE_MYTOOLS','a.bentaifour')
,('ROLE_WTR','a.bentaifour')
,('ROLE_IEXPENSE','a.berhil')
,('ROLE_MYHR','a.berhil')
,('ROLE_MYTOOLS','a.berhil')
;
INSERT INTO user_role (role,user_username) VALUES 
('ROLE_WTR','a.berhil')
,('ROLE_IEXPENSE','a.bouassem')
,('ROLE_MYHR','a.bouassem')
,('ROLE_MYTOOLS','a.bouassem')
,('ROLE_WTR','a.bouassem')
,('ROLE_IEXPENSE','a.bouatia')
,('ROLE_IFINANCE','a.bouatia')
,('ROLE_MYHR','a.bouatia')
,('ROLE_MYTOOLS','a.bouatia')
,('ROLE_WTR','a.bouatia')
;
INSERT INTO user_role (role,user_username) VALUES 
('ROLE_IEXPENSE','a.bouchkara')
,('ROLE_MYHR','a.bouchkara')
,('ROLE_MYTOOLS','a.bouchkara')
,('ROLE_WTR','a.bouchkara')
,('ROLE_IEXPENSE','a.bouchlaghem')
,('ROLE_MYHR','a.bouchlaghem')
,('ROLE_MYTOOLS','a.bouchlaghem')
,('ROLE_WTR','a.bouchlaghem')
,('ROLE_WTR','a.boudemagh')
,('ROLE_WTR','a.boufares')
;
INSERT INTO user_role (role,user_username) VALUES 
('ROLE_IEXPENSE','a.boughriba')
,('ROLE_MYHR','a.boughriba')
,('ROLE_WTR','a.boughriba')
,('ROLE_WTR','a.boulesbaa')
,('ROLE_IEXPENSE','a.boureht')
,('ROLE_IFINANCE','a.boureht')
,('ROLE_MYHR','a.boureht')
,('ROLE_MYTOOLS','a.boureht')
,('ROLE_WTR','a.boureht')
,('ROLE_IBUY','a.boussag')
;
INSERT INTO user_role (role,user_username) VALUES 
('ROLE_IEXPENSE','a.boussag')
,('ROLE_ILOGISTICS','a.boussag')
,('ROLE_ILOGISTICS_PM','a.boussag')
,('ROLE_ILOGISTICS_USER','a.boussag')
,('ROLE_INVOICE','a.boussag')
,('ROLE_MR_PM','a.boussag')
,('ROLE_MYHR','a.boussag')
,('ROLE_MYREPORTS','a.boussag')
,('ROLE_MYTOOLS','a.boussag')
,('ROLE_WTR','a.boussag')
;
INSERT INTO user_role (role,user_username) VALUES 
('ROLE_IEXPENSE','a.boussouga')
,('ROLE_MYHR','a.boussouga')
,('ROLE_MYTOOLS','a.boussouga')
,('ROLE_WTR','a.boussouga')
,('ROLE_WTR','a.braam')
,('ROLE_IEXPENSE','a.briere')
,('ROLE_IFINANCE','a.briere')
,('ROLE_MYHR','a.briere')
,('ROLE_MYTOOLS','a.briere')
,('ROLE_WTR','a.briere')
;
INSERT INTO user_role (role,user_username) VALUES 
('ROLE_IEXPENSE','a.chaer')
,('ROLE_MYHR','a.chaer')
,('ROLE_MYTOOLS','a.chaer')
,('ROLE_WTR','a.chaer')
,('ROLE_IEXPENSE','a.chahboun')
,('ROLE_IFINANCE','a.chahboun')
,('ROLE_MYHR','a.chahboun')
,('ROLE_MYTOOLS','a.chahboun')
,('ROLE_WTR','a.chahboun')
,('ROLE_IEXPENSE','a.chahid')
;
INSERT INTO user_role (role,user_username) VALUES 
('ROLE_MYHR','a.chahid')
,('ROLE_MYTOOLS','a.chahid')
,('ROLE_WTR','a.chahid')
,('ROLE_IEXPENSE','a.chaib')
,('ROLE_IFINANCE','a.chaib')
,('ROLE_MYHR','a.chaib')
,('ROLE_MYTOOLS','a.chaib')
,('ROLE_WTR','a.chaib')
,('ROLE_IEXPENSE','a.chakour')
,('ROLE_IFINANCE','a.chakour')
;
INSERT INTO user_role (role,user_username) VALUES 
('ROLE_MYHR','a.chakour')
,('ROLE_MYTOOLS','a.chakour')
,('ROLE_WTR','a.chakour')
,('ROLE_IEXPENSE','a.chennane')
,('ROLE_IFINANCE','a.chennane')
,('ROLE_MYHR','a.chennane')
,('ROLE_MYTOOLS','a.chennane')
,('ROLE_WTR','a.chennane')
,('ROLE_WTR','a.chennoufi')
,('ROLE_WTR','a.cherrat')
;
INSERT INTO user_role (role,user_username) VALUES 
('ROLE_IEXPENSE','a.chioukh')
,('ROLE_MYHR','a.chioukh')
,('ROLE_MYTOOLS','a.chioukh')
,('ROLE_WTR','a.chioukh')
,('ROLE_IEXPENSE','a.choukri')
,('ROLE_IFINANCE','a.choukri')
,('ROLE_MYHR','a.choukri')
,('ROLE_MYTOOLS','a.choukri')
,('ROLE_WTR','a.choukri')
,('ROLE_IEXPENSE','a.dahani')
;
INSERT INTO user_role (role,user_username) VALUES 
('ROLE_MYHR','a.dahani')
,('ROLE_MYTOOLS','a.dahani')
,('ROLE_WTR','a.dahani')
,('ROLE_IEXPENSE','a.daimellah')
,('ROLE_IFINANCE','a.daimellah')
,('ROLE_MYHR','a.daimellah')
,('ROLE_MYTOOLS','a.daimellah')
,('ROLE_WTR','a.daimellah')
,('ROLE_IEXPENSE','a.danoun')
,('ROLE_MYHR','a.danoun')
;
INSERT INTO user_role (role,user_username) VALUES 
('ROLE_MYTOOLS','a.danoun')
,('ROLE_WTR','a.danoun')
,('ROLE_IEXPENSE','a.daoud')
,('ROLE_MYHR','a.daoud')
,('ROLE_MYTOOLS','a.daoud')
,('ROLE_WTR','a.daoud')
,('ROLE_IEXPENSE','a.daoui')
,('ROLE_MYHR','a.daoui')
,('ROLE_MYTOOLS','a.daoui')
,('ROLE_WTR','a.daoui')
;
INSERT INTO user_role (role,user_username) VALUES 
('ROLE_MYTOOLS','a.dkaki')
,('ROLE_IEXPENSE','a.elabdi')
,('ROLE_IFINANCE','a.elabdi')
,('ROLE_MYHR','a.elabdi')
,('ROLE_MYTOOLS','a.elabdi')
,('ROLE_WTR','a.elabdi')
,('ROLE_IEXPENSE','a.elabidelamrani')
,('ROLE_IFINANCE','a.elabidelamrani')
,('ROLE_MYHR','a.elabidelamrani')
,('ROLE_MYTOOLS','a.elabidelamrani')
;
INSERT INTO user_role (role,user_username) VALUES 
('ROLE_WTR','a.elabidelamrani')
,('ROLE_IEXPENSE','a.elalami')
,('ROLE_MYHR','a.elalami')
,('ROLE_MYTOOLS','a.elalami')
,('ROLE_WTR','a.elalami')
,('ROLE_IEXPENSE','a.elamri')
,('ROLE_ILOGISTICS','a.elamri')
,('ROLE_ILOGISTICS_SE','a.elamri')
,('ROLE_ILOGISTICS_USER','a.elamri')
,('ROLE_MYHR','a.elamri')
;
INSERT INTO user_role (role,user_username) VALUES 
('ROLE_MYTOOLS','a.elamri')
,('ROLE_SDM','a.elamri')
,('ROLE_SDM_COORDINATOR','a.elamri')
,('ROLE_WTR','a.elamri')
,('ROLE_WTR','a.elbrhil')
,('ROLE_IEXPENSE','a.elfineq')
,('ROLE_MYHR','a.elfineq')
,('ROLE_MYTOOLS','a.elfineq')
,('ROLE_WTR','a.elfineq')
,('ROLE_IEXPENSE','a.elgharib')
;
INSERT INTO user_role (role,user_username) VALUES 
('ROLE_IFINANCE','a.elgharib')
,('ROLE_MYHR','a.elgharib')
,('ROLE_MYTOOLS','a.elgharib')
,('ROLE_WTR','a.elgharib')
,('ROLE_IEXPENSE','a.elhadaoui')
,('ROLE_IFINANCE','a.elhadaoui')
,('ROLE_MYHR','a.elhadaoui')
,('ROLE_MYTOOLS','a.elhadaoui')
,('ROLE_WTR','a.elhadaoui')
,('ROLE_IEXPENSE','a.elharcha')
;
INSERT INTO user_role (role,user_username) VALUES 
('ROLE_MYHR','a.elharcha')
,('ROLE_MYTOOLS','a.elharcha')
,('ROLE_WTR','a.elharcha')
,('ROLE_WTR','a.elhorma')
,('ROLE_IEXPENSE','a.elhouzi')
,('ROLE_IFINANCE','a.elhouzi')
,('ROLE_MYHR','a.elhouzi')
,('ROLE_MYTOOLS','a.elhouzi')
,('ROLE_WTR','a.elhouzi')
,('ROLE_IEXPENSE','a.eljabri')
;
INSERT INTO user_role (role,user_username) VALUES 
('ROLE_MYHR','a.eljabri')
,('ROLE_MYTOOLS','a.eljabri')
,('ROLE_WTR','a.eljabri')
,('ROLE_MYTOOLS','a.elkaki')
,('ROLE_IEXPENSE','a.elkassas')
,('ROLE_IFINANCE','a.elkassas')
,('ROLE_MYHR','a.elkassas')
,('ROLE_MYTOOLS','a.elkassas')
,('ROLE_WTR','a.elkassas')
,('ROLE_IEXPENSE','a.elmasrar')
;
INSERT INTO user_role (role,user_username) VALUES 
('ROLE_IFINANCE','a.elmasrar')
,('ROLE_MYHR','a.elmasrar')
,('ROLE_MYTOOLS','a.elmasrar')
,('ROLE_WTR','a.elmasrar')
,('ROLE_IEXPENSE','a.elmennouni')
,('ROLE_MYHR','a.elmennouni')
,('ROLE_MYTOOLS','a.elmennouni')
,('ROLE_WTR','a.elmennouni')
,('ROLE_IEXPENSE','a.elmesoudi')
,('ROLE_MYHR','a.elmesoudi')
;
INSERT INTO user_role (role,user_username) VALUES 
('ROLE_MYTOOLS','a.elmesoudi')
,('ROLE_WTR','a.elmesoudi')
,('ROLE_IEXPENSE','a.elmharzi')
,('ROLE_IFINANCE','a.elmharzi')
,('ROLE_MYHR','a.elmharzi')
,('ROLE_MYTOOLS','a.elmharzi')
,('ROLE_WTR','a.elmharzi')
,('ROLE_IEXPENSE','a.elmokhtari')
,('ROLE_MYHR','a.elmokhtari')
,('ROLE_MYTOOLS','a.elmokhtari')
;
INSERT INTO user_role (role,user_username) VALUES 
('ROLE_WTR','a.elmokhtari')
,('ROLE_IEXPENSE','a.eloualadi')
,('ROLE_ILOGISTICS','a.eloualadi')
,('ROLE_ILOGISTICS_SE','a.eloualadi')
,('ROLE_ILOGISTICS_USER','a.eloualadi')
,('ROLE_MYHR','a.eloualadi')
,('ROLE_MYTOOLS','a.eloualadi')
,('ROLE_WTR','a.eloualadi')
,('ROLE_IEXPENSE','a.eloudi')
,('ROLE_IFINANCE','a.eloudi')
;
INSERT INTO user_role (role,user_username) VALUES 
('ROLE_MYHR','a.eloudi')
,('ROLE_MYTOOLS','a.eloudi')
,('ROLE_WTR','a.eloudi')
,('IFINANCE_BS','a.enajari')
,('IFINANCE_TM','a.enajari')
,('ROLE_COMPTA','a.enajari')
,('ROLE_HR_PAYROLL','a.enajari')
,('ROLE_IBUY','a.enajari')
,('ROLE_IEXPENSE','a.enajari')
,('ROLE_IFINANCE','a.enajari')
;
INSERT INTO user_role (role,user_username) VALUES 
('ROLE_INVOICE','a.enajari')
,('ROLE_MR_FA','a.enajari')
,('ROLE_MYHR','a.enajari')
,('ROLE_MYTOOLS','a.enajari')
,('ROLE_RH','a.enajari')
,('ROLE_WTR','a.enajari')
,('ROLE_IEXPENSE','a.ennaji')
,('ROLE_MYHR','a.ennaji')
,('ROLE_MYTOOLS','a.ennaji')
,('ROLE_WTR','a.ennaji')
;
INSERT INTO user_role (role,user_username) VALUES 
('ROLE_IEXPENSE','a.errahimi')
,('ROLE_IFINANCE','a.errahimi')
,('ROLE_MYHR','a.errahimi')
,('ROLE_MYTOOLS','a.errahimi')
,('ROLE_WTR','a.errahimi')
,('ROLE_IEXPENSE','a.errchouk')
,('ROLE_IFINANCE','a.errchouk')
,('ROLE_MYHR','a.errchouk')
,('ROLE_MYTOOLS','a.errchouk')
,('ROLE_WTR','a.errchouk')
;
INSERT INTO user_role (role,user_username) VALUES 
('ROLE_IBUY','a.errguita')
,('ROLE_IEXPENSE','a.errguita')
,('ROLE_ILOGISTICS','a.errguita')
,('ROLE_ILOGISTICS_SE','a.errguita')
,('ROLE_ILOGISTICS_USER','a.errguita')
,('ROLE_INVOICE','a.errguita')
,('ROLE_MR_PM','a.errguita')
,('ROLE_MT_LM','a.errguita')
,('ROLE_MYHR','a.errguita')
,('ROLE_MYREPORTS','a.errguita')
;
INSERT INTO user_role (role,user_username) VALUES 
('ROLE_MYTOOLS','a.errguita')
,('ROLE_SDM','a.errguita')
,('ROLE_SDM_COORDINATOR','a.errguita')
,('ROLE_SDM_PM','a.errguita')
,('ROLE_WTR','a.errguita')
,('ROLE_IBUY','a.essalih')
,('ROLE_IEXPENSE','a.essalih')
,('ROLE_MYHR','a.essalih')
,('ROLE_MYTOOLS','a.essalih')
,('ROLE_WTR','a.essalih')
;
INSERT INTO user_role (role,user_username) VALUES 
('ROLE_IEXPENSE','a.ezziate')
,('ROLE_ILOGISTICS','a.ezziate')
,('ROLE_ILOGISTICS_USER','a.ezziate')
,('ROLE_MYHR','a.ezziate')
,('ROLE_MYTOOLS','a.ezziate')
,('ROLE_WTR','a.ezziate')
,('ROLE_IEXPENSE','a.ezzyani')
,('ROLE_MYHR','a.ezzyani')
,('ROLE_MYTOOLS','a.ezzyani')
,('ROLE_WTR','a.ezzyani')
;
INSERT INTO user_role (role,user_username) VALUES 
('ROLE_IEXPENSE','a.fahli')
,('ROLE_MYHR','a.fahli')
,('ROLE_MYTOOLS','a.fahli')
,('ROLE_WTR','a.fahli')
,('ROLE_IEXPENSE','a.fakhar')
,('ROLE_MYHR','a.fakhar')
,('ROLE_MYTOOLS','a.fakhar')
,('ROLE_SDM','a.fakhar')
,('ROLE_WTR','a.fakhar')
,('ROLE_IEXPENSE','a.filaly')
;
INSERT INTO user_role (role,user_username) VALUES 
('ROLE_MYHR','a.filaly')
,('ROLE_MYTOOLS','a.filaly')
,('ROLE_WTR','a.filaly')
,('ROLE_MYTOOLS','a.goubara')
,('ROLE_IEXPENSE','a.grada')
,('ROLE_IFINANCE','a.grada')
,('ROLE_MYHR','a.grada')
,('ROLE_MYTOOLS','a.grada')
,('ROLE_WTR','a.grada')
,('ROLE_WTR','a.guebli')
;
INSERT INTO user_role (role,user_username) VALUES 
('ROLE_IEXPENSE','a.hachimi')
,('ROLE_MYHR','a.hachimi')
,('ROLE_MYTOOLS','a.hachimi')
,('ROLE_WTR','a.hachimi')
,('ROLE_IEXPENSE','a.hadjoud')
,('ROLE_MYHR','a.hadjoud')
,('ROLE_MYTOOLS','a.hadjoud')
,('ROLE_WTR','a.hadjoud')
,('ROLE_WTR','a.hadjyoucef')
,('ROLE_IEXPENSE','a.hallaoui')
;
INSERT INTO user_role (role,user_username) VALUES 
('ROLE_MYHR','a.hallaoui')
,('ROLE_MYTOOLS','a.hallaoui')
,('ROLE_WTR','a.hallaoui')
,('ROLE_IEXPENSE','a.harajem')
,('ROLE_MYHR','a.harajem')
,('ROLE_MYTOOLS','a.harajem')
,('ROLE_WTR','a.harajem')
,('ROLE_IEXPENSE','a.harbouz')
,('ROLE_MYHR','a.harbouz')
,('ROLE_MYTOOLS','a.harbouz')
;
INSERT INTO user_role (role,user_username) VALUES 
('ROLE_WTR','a.harbouz')
,('ROLE_IBUY','a.harkouken')
,('ROLE_IEXPENSE','a.harkouken')
,('ROLE_INVOICE','a.harkouken')
,('ROLE_MR_PM','a.harkouken')
,('ROLE_MYHR','a.harkouken')
,('ROLE_MYREPORTS','a.harkouken')
,('ROLE_MYTOOLS','a.harkouken')
,('ROLE_WTR','a.harkouken')
,('ROLE_IEXPENSE','a.hatta')
;
INSERT INTO user_role (role,user_username) VALUES 
('ROLE_IFINANCE','a.hatta')
,('ROLE_MYHR','a.hatta')
,('ROLE_MYTOOLS','a.hatta')
,('ROLE_WTR','a.hatta')
,('ROLE_IEXPENSE','a.hlali')
,('ROLE_MYHR','a.hlali')
,('ROLE_MYTOOLS','a.hlali')
,('ROLE_WTR','a.hlali')
,('ROLE_WTR','a.hocini')
,('ROLE_IEXPENSE','a.kacimi')
;
INSERT INTO user_role (role,user_username) VALUES 
('ROLE_MYHR','a.kacimi')
,('ROLE_MYTOOLS','a.kacimi')
,('ROLE_WTR','a.kacimi')
,('ROLE_IEXPENSE','a.karim ')
,('ROLE_MYHR','a.karim ')
,('ROLE_MYTOOLS','a.karim ')
,('ROLE_WTR','a.karim ')
,('ROLE_WTR','a.khairy')
,('ROLE_IEXPENSE','a.khallis')
,('ROLE_MYHR','a.khallis')
;
INSERT INTO user_role (role,user_username) VALUES 
('ROLE_MYTOOLS','a.khallis')
,('ROLE_WTR','a.khallis')
,('ROLE_WTR','a.khellafi')
,('ROLE_IEXPENSE','a.khiati')
,('ROLE_MYHR','a.khiati')
,('ROLE_MYTOOLS','a.khiati')
,('ROLE_WTR','a.khiati')
,('ROLE_IEXPENSE','a.kouchi')
,('ROLE_MYHR','a.kouchi')
,('ROLE_MYTOOLS','a.kouchi')
;
INSERT INTO user_role (role,user_username) VALUES 
('ROLE_WTR','a.kouchi')
,('ROLE_IEXPENSE','a.laamouri')
,('ROLE_MYHR','a.laamouri')
,('ROLE_MYTOOLS','a.laamouri')
,('ROLE_WTR','a.laamouri')
,('ROLE_IEXPENSE','a.lahbihbi')
,('ROLE_MYHR','a.lahbihbi')
,('ROLE_MYTOOLS','a.lahbihbi')
,('ROLE_WTR','a.lahbihbi')
,('IFINANCE_USER','a.laraki')
;
INSERT INTO user_role (role,user_username) VALUES 
('ROLE_IBUY','a.laraki')
,('ROLE_IEXPENSE','a.laraki')
,('ROLE_IFINANCE','a.laraki')
,('ROLE_ILOGISTICS','a.laraki')
,('ROLE_ILOGISTICS_PM','a.laraki')
,('ROLE_ILOGISTICS_SE','a.laraki')
,('ROLE_ILOGISTICS_USER','a.laraki')
,('ROLE_INVOICE','a.laraki')
,('ROLE_MR_KAM','a.laraki')
,('ROLE_MT_LM','a.laraki')
;
INSERT INTO user_role (role,user_username) VALUES 
('ROLE_MYHR','a.laraki')
,('ROLE_MYPM','a.laraki')
,('ROLE_MYREPORTS','a.laraki')
,('ROLE_MYTOOLS','a.laraki')
,('ROLE_WTR','a.laraki')
,('ROLE_IEXPENSE','a.lazrak')
,('ROLE_IFINANCE','a.lazrak')
,('ROLE_MYHR','a.lazrak')
,('ROLE_MYTOOLS','a.lazrak')
,('ROLE_WTR','a.lazrak')
;
INSERT INTO user_role (role,user_username) VALUES 
('ROLE_WTR','a.lecheheb')
,('ROLE_MYHR','a.lomaini')
,('ROLE_MYTOOLS','a.lomaini')
,('ROLE_WTR','a.lomaini')
,('ROLE_MYTOOLS','a.madad')
,('ROLE_IEXPENSE','a.mahassine')
,('ROLE_INVOICE','a.mahassine')
,('ROLE_MYHR','a.mahassine')
,('ROLE_MYTOOLS','a.mahassine')
,('ROLE_WTR','a.mahassine')
;
INSERT INTO user_role (role,user_username) VALUES 
('ROLE_WTR','a.mamou')
,('ROLE_IEXPENSE','a.mamouni')
,('ROLE_IFINANCE','a.mamouni')
,('ROLE_MYHR','a.mamouni')
,('ROLE_MYTOOLS','a.mamouni')
,('ROLE_WTR','a.mamouni')
,('ROLE_IEXPENSE','a.mandour')
,('ROLE_IFINANCE','a.mandour')
,('ROLE_MYHR','a.mandour')
,('ROLE_MYTOOLS','a.mandour')
;
INSERT INTO user_role (role,user_username) VALUES 
('ROLE_WTR','a.mandour')
,('ROLE_IEXPENSE','a.manfaloti')
,('ROLE_MYHR','a.manfaloti')
,('ROLE_MYTOOLS','a.manfaloti')
,('ROLE_WTR','a.manfaloti')
,('ROLE_IEXPENSE','a.marikaz')
,('ROLE_MYHR','a.marikaz')
,('ROLE_MYTOOLS','a.marikaz')
,('ROLE_WTR','a.marikaz')
,('ROLE_IEXPENSE','a.marzouk')
;
INSERT INTO user_role (role,user_username) VALUES 
('ROLE_IFINANCE','a.marzouk')
,('ROLE_MYHR','a.marzouk')
,('ROLE_MYTOOLS','a.marzouk')
,('ROLE_WTR','a.marzouk')
,('IFINANCE_USER','a.meftah')
,('ROLE_IBUY','a.meftah')
,('ROLE_IEXPENSE','a.meftah')
,('ROLE_IFINANCE','a.meftah')
,('ROLE_INVOICE','a.meftah')
,('ROLE_MR_KAM','a.meftah')
;
INSERT INTO user_role (role,user_username) VALUES 
('ROLE_MYHR','a.meftah')
,('ROLE_MYPM','a.meftah')
,('ROLE_MYREPORTS','a.meftah')
,('ROLE_MYTOOLS','a.meftah')
,('ROLE_WTR','a.meftah')
,('ROLE_WTR','a.megri')
,('ROLE_IEXPENSE','a.mekkaoui')
,('ROLE_IFINANCE','a.mekkaoui')
,('ROLE_MYHR','a.mekkaoui')
,('ROLE_MYTOOLS','a.mekkaoui')
;
INSERT INTO user_role (role,user_username) VALUES 
('ROLE_WTR','a.mekkaoui')
,('ROLE_IBUY','a.mengad')
,('ROLE_IEXPENSE','a.mengad')
,('ROLE_INVOICE','a.mengad')
,('ROLE_MR_PM','a.mengad')
,('ROLE_MT_LM','a.mengad')
,('ROLE_MYHR','a.mengad')
,('ROLE_MYREPORTS','a.mengad')
,('ROLE_MYTOOLS','a.mengad')
,('ROLE_SDM','a.mengad')
;
INSERT INTO user_role (role,user_username) VALUES 
('ROLE_SDM_PM','a.mengad')
,('ROLE_WTR','a.mengad')
,('ROLE_WTR','a.messaoudi')
,('ROLE_WTR','a.mhaouch')
,('ROLE_IEXPENSE','a.morafik')
,('ROLE_MYHR','a.morafik')
,('ROLE_MYTOOLS','a.morafik')
,('ROLE_WTR','a.morafik')
,('ROLE_WTR','a.naamani')
,('ROLE_IEXPENSE','a.naciri ')
;
INSERT INTO user_role (role,user_username) VALUES 
('ROLE_MYHR','a.naciri ')
,('ROLE_MYTOOLS','a.naciri ')
,('ROLE_WTR','a.naciri ')
,('ROLE_IEXPENSE','a.naitgourma')
,('ROLE_IFINANCE','a.naitgourma')
,('ROLE_MYHR','a.naitgourma')
,('ROLE_MYTOOLS','a.naitgourma')
,('ROLE_WTR','a.naitgourma')
,('ROLE_IEXPENSE','a.nanaa')
,('ROLE_MYHR','a.nanaa')
;
INSERT INTO user_role (role,user_username) VALUES 
('ROLE_MYTOOLS','a.nanaa')
,('ROLE_WTR','a.nanaa')
,('ROLE_WTR','a.nasri')
,('ROLE_IEXPENSE','a.ouamssa')
,('ROLE_IFINANCE','a.ouamssa')
,('ROLE_MYHR','a.ouamssa')
,('ROLE_MYTOOLS','a.ouamssa')
,('ROLE_WTR','a.ouamssa')
,('ROLE_WTR','a.oudni')
,('ROLE_IEXPENSE','a.qandoussi')
;
INSERT INTO user_role (role,user_username) VALUES 
('ROLE_MYHR','a.qandoussi')
,('ROLE_MYTOOLS','a.qandoussi')
,('ROLE_WTR','a.qandoussi')
,('ROLE_WTR','a.rachdi')
,('ROLE_IEXPENSE','a.raddi')
,('ROLE_MYHR','a.raddi')
,('ROLE_MYTOOLS','a.raddi')
,('ROLE_WTR','a.raddi')
,('ROLE_IEXPENSE','a.rafiq')
,('ROLE_IFINANCE','a.rafiq')
;
INSERT INTO user_role (role,user_username) VALUES 
('ROLE_MYHR','a.rafiq')
,('ROLE_MYTOOLS','a.rafiq')
,('ROLE_WTR','a.rafiq')
,('ROLE_IEXPENSE','a.rahali')
,('ROLE_IFINANCE','a.rahali')
,('ROLE_MYHR','a.rahali')
,('ROLE_MYTOOLS','a.rahali')
,('ROLE_WTR','a.rahali')
,('ROLE_WTR','a.rahil')
,('ROLE_IEXPENSE','a.rahmaoui')
;
INSERT INTO user_role (role,user_username) VALUES 
('ROLE_IFINANCE','a.rahmaoui')
,('ROLE_MYHR','a.rahmaoui')
,('ROLE_MYTOOLS','a.rahmaoui')
,('ROLE_WTR','a.rahmaoui')
,('ROLE_IEXPENSE','a.rahmoun')
,('ROLE_IFINANCE','a.rahmoun')
,('ROLE_MYHR','a.rahmoun')
,('ROLE_MYTOOLS','a.rahmoun')
,('ROLE_WTR','a.rahmoun')
,('ROLE_IEXPENSE','a.razkallah')
;
INSERT INTO user_role (role,user_username) VALUES 
('ROLE_IFINANCE','a.razkallah')
,('ROLE_MYHR','a.razkallah')
,('ROLE_MYTOOLS','a.razkallah')
,('ROLE_WTR','a.razkallah')
,('ROLE_IEXPENSE','a.reama')
,('ROLE_MYHR','a.reama')
,('ROLE_MYTOOLS','a.reama')
,('ROLE_WTR','a.reama')
,('ROLE_IEXPENSE','a.riche')
,('ROLE_IFINANCE','a.riche')
;
INSERT INTO user_role (role,user_username) VALUES 
('ROLE_MYHR','a.riche')
,('ROLE_MYTOOLS','a.riche')
,('ROLE_WTR','a.riche')
,('ROLE_WTR','a.rouz')
,('ROLE_WTR','a.saifi')
,('ROLE_WTR','a.salimelqalb')
,('ROLE_IEXPENSE','a.sassioui')
,('ROLE_IFINANCE','a.sassioui')
,('ROLE_MYHR','a.sassioui')
,('ROLE_MYTOOLS','a.sassioui')
;
INSERT INTO user_role (role,user_username) VALUES 
('ROLE_WTR','a.sassioui')
,('ROLE_WTR','a.sayem')
,('ROLE_IBUY','a.selki')
,('ROLE_IEXPENSE','a.selki')
,('ROLE_ILOGISTICS','a.selki')
,('ROLE_ILOGISTICS_PM','a.selki')
,('ROLE_ILOGISTICS_SE','a.selki')
,('ROLE_ILOGISTICS_USER','a.selki')
,('ROLE_MR_PM','a.selki')
,('ROLE_MYHR','a.selki')
;
INSERT INTO user_role (role,user_username) VALUES 
('ROLE_MYREPORTS','a.selki')
,('ROLE_MYTOOLS','a.selki')
,('ROLE_SDM','a.selki')
,('ROLE_SDM_ADMIN','a.selki')
,('ROLE_SDM_COORDINATOR','a.selki')
,('ROLE_WTR','a.selki')
,('ROLE_IEXPENSE','a.skali')
,('ROLE_MYHR','a.skali')
,('ROLE_MYTOOLS','a.skali')
,('ROLE_WTR','a.skali')
;
INSERT INTO user_role (role,user_username) VALUES 
('ROLE_IEXPENSE','a.skalihoussaini')
,('ROLE_IFINANCE','a.skalihoussaini')
,('ROLE_MYHR','a.skalihoussaini')
,('ROLE_MYTOOLS','a.skalihoussaini')
,('ROLE_WTR','a.skalihoussaini')
,('ROLE_WTR','a.slimani')
,('ROLE_IEXPENSE','a.tajir')
,('ROLE_MYHR','a.tajir')
,('ROLE_MYTOOLS','a.tajir')
,('ROLE_WTR','a.tajir')
;
INSERT INTO user_role (role,user_username) VALUES 
('ROLE_IEXPENSE','a.touil')
,('ROLE_MYHR','a.touil')
,('ROLE_MYTOOLS','a.touil')
,('ROLE_WTR','a.touil')
,('ROLE_IEXPENSE','a.tounarti')
,('ROLE_MYHR','a.tounarti')
,('ROLE_MYTOOLS','a.tounarti')
,('ROLE_WTR','a.tounarti')
,('ROLE_WTR','a.yahiaoui')
,('IFINANCE_USER','a.yazami')
;
INSERT INTO user_role (role,user_username) VALUES 
('ROLE_IBUY','a.yazami')
,('ROLE_IEXPENSE','a.yazami')
,('ROLE_IFINANCE','a.yazami')
,('ROLE_MR_PM','a.yazami')
,('ROLE_MYHR','a.yazami')
,('ROLE_MYREPORTS','a.yazami')
,('ROLE_MYTOOLS','a.yazami')
,('ROLE_WTR','a.yazami')
,('ROLE_WTR','a.zaafa')
,('ROLE_IEXPENSE','a.zeddari')
;
INSERT INTO user_role (role,user_username) VALUES 
('ROLE_MYHR','a.zeddari')
,('ROLE_MYTOOLS','a.zeddari')
,('ROLE_WTR','a.zeddari')
,('ROLE_IEXPENSE','a.zougagh')
,('ROLE_IFINANCE','a.zougagh')
,('ROLE_MYHR','a.zougagh')
,('ROLE_MYTOOLS','a.zougagh')
,('ROLE_WTR','a.zougagh')
,('ROLE_WTR','ab.benaissa')
,('ROLE_IEXPENSE','ab.elbrhil')
;
INSERT INTO user_role (role,user_username) VALUES 
('ROLE_MYHR','ab.elbrhil')
,('ROLE_MYTOOLS','ab.elbrhil')
,('ROLE_WTR','ab.elbrhil')
,('ROLE_MYTOOLS','ab.naciri')
,('ROLE_IEXPENSE','ad.naciri')
,('ROLE_ILOGISTICS','ad.naciri')
,('ROLE_ILOGISTICS_TM','ad.naciri')
,('ROLE_ILOGISTICS_WM','ad.naciri')
,('ROLE_MYHR','ad.naciri')
,('ROLE_MYTOOLS','ad.naciri')
;
INSERT INTO user_role (role,user_username) VALUES 
('ROLE_WTR','ad.naciri')
,('ROLE_IEXPENSE','ah.harajem')
,('ROLE_IFINANCE','ah.harajem')
,('ROLE_MYHR','ah.harajem')
,('ROLE_MYTOOLS','ah.harajem')
,('ROLE_WTR','ah.harajem')
,('ROLE_IEXPENSE','al.fakhar')
,('ROLE_IFINANCE','al.fakhar')
,('ROLE_MYHR','al.fakhar')
,('ROLE_MYTOOLS','al.fakhar')
;
INSERT INTO user_role (role,user_username) VALUES 
('ROLE_WTR','al.fakhar')
,('ROLE_IEXPENSE','az.benbouya')
,('ROLE_MYHR','az.benbouya')
,('ROLE_MYTOOLS','az.benbouya')
,('ROLE_WTR','az.benbouya')
,('ROLE_IEXPENSE','az.naciri')
,('ROLE_IFINANCE','az.naciri')
,('ROLE_MYHR','az.naciri')
,('ROLE_MYTOOLS','az.naciri')
,('ROLE_WTR','az.naciri')
;
INSERT INTO user_role (role,user_username) VALUES 
('ROLE_IEXPENSE','b.adighous')
,('ROLE_MYHR','b.adighous')
,('ROLE_MYTOOLS','b.adighous')
,('ROLE_WTR','b.adighous')
,('ROLE_IEXPENSE','b.alaghrouch')
,('ROLE_IFINANCE','b.alaghrouch')
,('ROLE_MYHR','b.alaghrouch')
,('ROLE_MYTOOLS','b.alaghrouch')
,('ROLE_WTR','b.alaghrouch')
,('ROLE_IEXPENSE','b.alahmar')
;
INSERT INTO user_role (role,user_username) VALUES 
('ROLE_MYHR','b.alahmar')
,('ROLE_MYTOOLS','b.alahmar')
,('ROLE_WTR','b.alahmar')
,('ROLE_WTR','b.azzout')
,('ROLE_IEXPENSE','b.bekkali')
,('ROLE_MYHR','b.bekkali')
,('ROLE_MYTOOLS','b.bekkali')
,('ROLE_WTR','b.bekkali')
,('ROLE_IEXPENSE','b.benraho ')
,('ROLE_MYHR','b.benraho ')
;
INSERT INTO user_role (role,user_username) VALUES 
('ROLE_MYTOOLS','b.benraho ')
,('ROLE_WTR','b.benraho ')
,('ROLE_IBUY','b.benzakour')
,('ROLE_IEXPENSE','b.benzakour')
,('ROLE_IFINANCE','b.benzakour')
,('ROLE_MYHR','b.benzakour')
,('ROLE_MYTOOLS','b.benzakour')
,('ROLE_WTR','b.benzakour')
,('ROLE_IEXPENSE','b.boulaada')
,('ROLE_MYHR','b.boulaada')
;
INSERT INTO user_role (role,user_username) VALUES 
('ROLE_MYTOOLS','b.boulaada')
,('ROLE_WTR','b.boulaada')
,('ROLE_WTR','b.chafai')
,('ROLE_IEXPENSE','b.chnya')
,('ROLE_IFINANCE','b.chnya')
,('ROLE_MYHR','b.chnya')
,('ROLE_MYTOOLS','b.chnya')
,('ROLE_WTR','b.chnya')
,('ROLE_IEXPENSE','b.drissisbai')
,('ROLE_IFINANCE','b.drissisbai')
;
INSERT INTO user_role (role,user_username) VALUES 
('ROLE_MYHR','b.drissisbai')
,('ROLE_MYTOOLS','b.drissisbai')
,('ROLE_WTR','b.drissisbai')
,('ROLE_WTR','b.elaidat')
,('ROLE_IEXPENSE','b.elfathi')
,('ROLE_MYHR','b.elfathi')
,('ROLE_MYTOOLS','b.elfathi')
,('ROLE_WTR','b.elfathi')
,('ROLE_IEXPENSE','b.elouardi')
,('ROLE_MYHR','b.elouardi')
;
INSERT INTO user_role (role,user_username) VALUES 
('ROLE_MYTOOLS','b.elouardi')
,('ROLE_WTR','b.elouardi')
,('ROLE_IEXPENSE','b.ennejjai')
,('ROLE_MYHR','b.ennejjai')
,('ROLE_MYTOOLS','b.ennejjai')
,('ROLE_WTR','b.ennejjai')
,('ROLE_IEXPENSE','b.esbihi')
,('ROLE_IFINANCE','b.esbihi')
,('ROLE_MYHR','b.esbihi')
,('ROLE_MYTOOLS','b.esbihi')
;
INSERT INTO user_role (role,user_username) VALUES 
('ROLE_WTR','b.esbihi')
,('ROLE_IEXPENSE','b.inouballah')
,('ROLE_MYHR','b.inouballah')
,('ROLE_MYTOOLS','b.inouballah')
,('ROLE_WTR','b.inouballah')
,('ROLE_IEXPENSE','b.jamal')
,('ROLE_IFINANCE','b.jamal')
,('ROLE_MYHR','b.jamal')
,('ROLE_MYTOOLS','b.jamal')
,('ROLE_WTR','b.jamal')
;
INSERT INTO user_role (role,user_username) VALUES 
('ROLE_MYTOOLS','b.laarif')
,('ROLE_IEXPENSE','b.loussi')
,('ROLE_MYHR','b.loussi')
,('ROLE_MYTOOLS','b.loussi')
,('ROLE_WTR','b.loussi')
,('ROLE_IEXPENSE','b.madani')
,('ROLE_MYHR','b.madani')
,('ROLE_MYTOOLS','b.madani')
,('ROLE_WTR','b.madani')
,('ROLE_IEXPENSE','b.mida')
;
INSERT INTO user_role (role,user_username) VALUES 
('ROLE_MYHR','b.mida')
,('ROLE_MYTOOLS','b.mida')
,('ROLE_WTR','b.mida')
,('ROLE_HR_INSSURANCE','b.mounsif')
,('ROLE_IEXPENSE','b.mounsif')
,('ROLE_IFINANCE','b.mounsif')
,('ROLE_MYHR','b.mounsif')
,('ROLE_MYTOOLS','b.mounsif')
,('ROLE_RH','b.mounsif')
,('ROLE_WTR','b.mounsif')
;
INSERT INTO user_role (role,user_username) VALUES 
('ROLE_IEXPENSE','b.moussaid')
,('ROLE_IFINANCE','b.moussaid')
,('ROLE_MYHR','b.moussaid')
,('ROLE_MYTOOLS','b.moussaid')
,('ROLE_WTR','b.moussaid')
,('ROLE_IEXPENSE','b.ouaouich')
,('ROLE_IFINANCE','b.ouaouich')
,('ROLE_MYHR','b.ouaouich')
,('ROLE_MYTOOLS','b.ouaouich')
,('ROLE_WTR','b.ouaouich')
;
INSERT INTO user_role (role,user_username) VALUES 
('ROLE_IEXPENSE','b.rabhi')
,('ROLE_IFINANCE','b.rabhi')
,('ROLE_MYHR','b.rabhi')
,('ROLE_MYTOOLS','b.rabhi')
,('ROLE_WTR','b.rabhi')
,('ROLE_IEXPENSE','b.sekkou')
,('ROLE_MYHR','b.sekkou')
,('ROLE_MYTOOLS','b.sekkou')
,('ROLE_WTR','b.sekkou')
,('ROLE_IEXPENSE','b.talbi')
;
INSERT INTO user_role (role,user_username) VALUES 
('ROLE_MYHR','b.talbi')
,('ROLE_MYTOOLS','b.talbi')
,('ROLE_WTR','b.talbi')
,('ROLE_IEXPENSE','b.taleb')
,('ROLE_MYHR','b.taleb')
,('ROLE_MYTOOLS','b.taleb')
,('ROLE_WTR','b.taleb')
,('ROLE_IEXPENSE','b.zitouna')
,('ROLE_MYHR','b.zitouna')
,('ROLE_MYTOOLS','b.zitouna')
;
INSERT INTO user_role (role,user_username) VALUES 
('ROLE_WTR','b.zitouna')
,('ROLE_IEXPENSE','buyer')
,('ROLE_MYHR','buyer')
,('ROLE_MYTOOLS','buyer')
,('ROLE_WTR','buyer')
,('ROLE_IEXPENSE','c.bendaoui')
,('ROLE_MYHR','c.bendaoui')
,('ROLE_MYTOOLS','c.bendaoui')
,('ROLE_WTR','c.bendaoui')
,('ROLE_WTR','c.bourouh')
;
INSERT INTO user_role (role,user_username) VALUES 
('ROLE_HR_INSSURANCE','c.edarkaoui')
,('ROLE_IBUY','c.edarkaoui')
,('ROLE_IEXPENSE','c.edarkaoui')
,('ROLE_IFINANCE','c.edarkaoui')
,('ROLE_MYHR','c.edarkaoui')
,('ROLE_MYTOOLS','c.edarkaoui')
,('ROLE_WTR','c.edarkaoui')
,('ROLE_IEXPENSE','c.elharraq')
,('ROLE_IFINANCE','c.elharraq')
,('ROLE_MYHR','c.elharraq')
;
INSERT INTO user_role (role,user_username) VALUES 
('ROLE_MYTOOLS','c.elharraq')
,('ROLE_WTR','c.elharraq')
,('ROLE_WTR','c.kherouf')
,('ROLE_WTR','c.laroui')
,('ROLE_IEXPENSE','c.mouket')
,('ROLE_MYHR','c.mouket')
,('ROLE_MYTOOLS','c.mouket')
,('ROLE_WTR','c.mouket')
,('ROLE_IEXPENSE','c.qach')
,('ROLE_MYHR','c.qach')
;
INSERT INTO user_role (role,user_username) VALUES 
('ROLE_MYTOOLS','c.qach')
,('ROLE_WTR','c.qach')
,('ROLE_IEXPENSE','c.wardi')
,('ROLE_IFINANCE','c.wardi')
,('ROLE_MYHR','c.wardi')
,('ROLE_MYTOOLS','c.wardi')
,('ROLE_WTR','c.wardi')
,('ROLE_IEXPENSE','d.achak')
,('ROLE_IFINANCE','d.achak')
,('ROLE_ILOGISTICS','d.achak')
;
INSERT INTO user_role (role,user_username) VALUES 
('ROLE_ILOGISTICS_SE','d.achak')
,('ROLE_ILOGISTICS_USER','d.achak')
,('ROLE_MYHR','d.achak')
,('ROLE_MYTOOLS','d.achak')
,('ROLE_WTR','d.achak')
,('ROLE_IEXPENSE','d.askour')
,('ROLE_IFINANCE','d.askour')
,('ROLE_ILOGISTICS','d.askour')
,('ROLE_ILOGISTICS_SE','d.askour')
,('ROLE_ILOGISTICS_USER','d.askour')
;
INSERT INTO user_role (role,user_username) VALUES 
('ROLE_MYHR','d.askour')
,('ROLE_MYTOOLS','d.askour')
,('ROLE_WTR','d.askour')
,('ROLE_WTR','d.bendjoudi')
,('ROLE_IEXPENSE','d.charki')
,('ROLE_MYHR','d.charki')
,('ROLE_MYTOOLS','d.charki')
,('ROLE_WTR','d.charki')
,('ROLE_IEXPENSE','d.elbhiti')
,('ROLE_MYHR','d.elbhiti')
;
INSERT INTO user_role (role,user_username) VALUES 
('ROLE_MYTOOLS','d.elbhiti')
,('ROLE_WTR','d.elbhiti')
,('ROLE_IEXPENSE','d.lagnaoui')
,('ROLE_MYHR','d.lagnaoui')
,('ROLE_MYTOOLS','d.lagnaoui')
,('ROLE_WTR','d.lagnaoui')
,('ROLE_WTR','d.menouer')
,('ROLE_IEXPENSE','d.rabya')
,('ROLE_MYHR','d.rabya')
,('ROLE_MYTOOLS','d.rabya')
;
INSERT INTO user_role (role,user_username) VALUES 
('ROLE_WTR','d.rabya')
,('ROLE_IEXPENSE','d.sedki')
,('ROLE_IFINANCE','d.sedki')
,('ROLE_MYHR','d.sedki')
,('ROLE_MYTOOLS','d.sedki')
,('ROLE_WTR','d.sedki')
,('ROLE_IEXPENSE','d.tahiri')
,('ROLE_MYHR','d.tahiri')
,('ROLE_MYTOOLS','d.tahiri')
,('ROLE_WTR','d.tahiri')
;
INSERT INTO user_role (role,user_username) VALUES 
('ROLE_WTR','d.toumi')
,('ROLE_IEXPENSE','e.adnane')
,('ROLE_MYHR','e.adnane')
,('ROLE_MYTOOLS','e.adnane')
,('ROLE_WTR','e.adnane')
,('ROLE_IBUY','e.aitoukdim')
,('ROLE_IEXPENSE','e.aitoukdim')
,('ROLE_IFINANCE','e.aitoukdim')
,('ROLE_ILOGISTICS_PM','e.aitoukdim')
,('ROLE_INVOICE','e.aitoukdim')
;
INSERT INTO user_role (role,user_username) VALUES 
('ROLE_MR_PM','e.aitoukdim')
,('ROLE_MYHR','e.aitoukdim')
,('ROLE_MYPM','e.aitoukdim')
,('ROLE_MYREPORTS','e.aitoukdim')
,('ROLE_MYTOOLS','e.aitoukdim')
,('ROLE_SDM_PM','e.aitoukdim')
,('ROLE_WTR','e.aitoukdim')
,('ROLE_IEXPENSE','e.amari')
,('ROLE_IFINANCE','e.amari')
,('ROLE_MYHR','e.amari')
;
INSERT INTO user_role (role,user_username) VALUES 
('ROLE_MYTOOLS','e.amari')
,('ROLE_WTR','e.amari')
,('ROLE_IEXPENSE','e.elbacha')
,('ROLE_IFINANCE','e.elbacha')
,('ROLE_MYHR','e.elbacha')
,('ROLE_MYTOOLS','e.elbacha')
,('ROLE_WTR','e.elbacha')
,('ROLE_IEXPENSE','e.elbouchibti')
,('ROLE_ILOGISTICS','e.elbouchibti')
,('ROLE_ILOGISTICS_SE','e.elbouchibti')
;
INSERT INTO user_role (role,user_username) VALUES 
('ROLE_ILOGISTICS_USER','e.elbouchibti')
,('ROLE_MYHR','e.elbouchibti')
,('ROLE_MYTOOLS','e.elbouchibti')
,('ROLE_SDM','e.elbouchibti')
,('ROLE_SDM_ASSISTANT','e.elbouchibti')
,('ROLE_SDM_COORDINATOR','e.elbouchibti')
,('ROLE_WTR','e.elbouchibti')
,('ROLE_IEXPENSE','e.elouarradi')
,('ROLE_MYHR','e.elouarradi')
,('ROLE_MYTOOLS','e.elouarradi')
;
INSERT INTO user_role (role,user_username) VALUES 
('ROLE_WTR','e.elouarradi')
,('ROLE_IBUY','e.essagui')
,('ROLE_IEXPENSE','e.essagui')
,('ROLE_IFINANCE','e.essagui')
,('ROLE_ILOGISTICS','e.essagui')
,('ROLE_ILOGISTICS_PM','e.essagui')
,('ROLE_ILOGISTICS_SE','e.essagui')
,('ROLE_ILOGISTICS_USER','e.essagui')
,('ROLE_INVOICE','e.essagui')
,('ROLE_MR_PM','e.essagui')
;
INSERT INTO user_role (role,user_username) VALUES 
('ROLE_MYHR','e.essagui')
,('ROLE_MYREPORTS','e.essagui')
,('ROLE_MYTOOLS','e.essagui')
,('ROLE_WTR','e.essagui')
,('ROLE_IEXPENSE','e.fannani')
,('ROLE_IFINANCE','e.fannani')
,('ROLE_MYHR','e.fannani')
,('ROLE_MYTOOLS','e.fannani')
,('ROLE_WTR','e.fannani')
,('ROLE_IBUY','e.hafid')
;
INSERT INTO user_role (role,user_username) VALUES 
('ROLE_IEXPENSE','e.hafid')
,('ROLE_ILOGISTICS','e.hafid')
,('ROLE_ILOGISTICS_SE','e.hafid')
,('ROLE_ILOGISTICS_USER','e.hafid')
,('ROLE_MYHR','e.hafid')
,('ROLE_MYTOOLS','e.hafid')
,('ROLE_SDM','e.hafid')
,('ROLE_SDM_COORDINATOR','e.hafid')
,('ROLE_WTR','e.hafid')
,('ROLE_IEXPENSE','e.haizoum')
;
INSERT INTO user_role (role,user_username) VALUES 
('ROLE_MYHR','e.haizoum')
,('ROLE_MYTOOLS','e.haizoum')
,('ROLE_WTR','e.haizoum')
,('ROLE_IEXPENSE','e.mamouch')
,('ROLE_MYHR','e.mamouch')
,('ROLE_MYTOOLS','e.mamouch')
,('ROLE_WTR','e.mamouch')
,('ROLE_WTR','e.slimani')
,('ROLE_IEXPENSE','e.taourirt')
,('ROLE_MYHR','e.taourirt')
;
INSERT INTO user_role (role,user_username) VALUES 
('ROLE_MYTOOLS','e.taourirt')
,('ROLE_WTR','e.taourirt')
,('ROLE_IEXPENSE','e.zouini')
,('ROLE_IFINANCE','e.zouini')
,('ROLE_MYHR','e.zouini')
,('ROLE_MYTOOLS','e.zouini')
,('ROLE_WTR','e.zouini')
,('ROLE_IEXPENSE','f.aadadouch')
,('ROLE_IFINANCE','f.aadadouch')
,('ROLE_MYHR','f.aadadouch')
;
INSERT INTO user_role (role,user_username) VALUES 
('ROLE_MYTOOLS','f.aadadouch')
,('ROLE_WTR','f.aadadouch')
,('ROLE_IEXPENSE','f.abbassi')
,('ROLE_MYHR','f.abbassi')
,('ROLE_MYTOOLS','f.abbassi')
,('ROLE_WTR','f.abbassi')
,('ROLE_WTR','f.abdesselam')
,('ROLE_IEXPENSE','f.aithkki')
,('ROLE_IFINANCE','f.aithkki')
,('ROLE_MYHR','f.aithkki')
;
INSERT INTO user_role (role,user_username) VALUES 
('ROLE_MYTOOLS','f.aithkki')
,('ROLE_WTR','f.aithkki')
,('ROLE_IBUY','f.arbaoui')
,('ROLE_IEXPENSE','f.arbaoui')
,('ROLE_INVOICE','f.arbaoui')
,('ROLE_MR_PM','f.arbaoui')
,('ROLE_MT_LM','f.arbaoui')
,('ROLE_MYHR','f.arbaoui')
,('ROLE_MYPM','f.arbaoui')
,('ROLE_MYREPORTS','f.arbaoui')
;
INSERT INTO user_role (role,user_username) VALUES 
('ROLE_MYTOOLS','f.arbaoui')
,('ROLE_WTR','f.arbaoui')
,('ROLE_IEXPENSE','f.azizi')
,('ROLE_IFINANCE','f.azizi')
,('ROLE_MYHR','f.azizi')
,('ROLE_MYTOOLS','f.azizi')
,('ROLE_WTR','f.azizi')
,('ROLE_WTR','f.bara')
,('ROLE_WTR','f.bendjoudi')
,('ROLE_MT_LM','f.benmman')
;
INSERT INTO user_role (role,user_username) VALUES 
('ROLE_IEXPENSE','f.chahlaoui')
,('ROLE_IFINANCE','f.chahlaoui')
,('ROLE_MYHR','f.chahlaoui')
,('ROLE_MYTOOLS','f.chahlaoui')
,('ROLE_WTR','f.chahlaoui')
,('ROLE_MYOFFICE','f.cherkaoui')
,('ROLE_MYOFFICE_SUPERVISOR','f.cherkaoui')
,('ROLE_HR_INSSURANCE','f.cherkaoui')
,('ROLE_HR_PAYROLL','f.cherkaoui')
,('ROLE_IBUY','f.cherkaoui')
;
INSERT INTO user_role (role,user_username) VALUES 
('ROLE_IEXPENSE','f.cherkaoui')
,('ROLE_MR_HR','f.cherkaoui')
,('ROLE_MT_LM','f.cherkaoui')
,('ROLE_MYHR','f.cherkaoui')
,('ROLE_MYPM','f.cherkaoui')
,('ROLE_MYREPORTS','f.cherkaoui')
,('ROLE_MYTOOLS','f.cherkaoui')
,('ROLE_RH','f.cherkaoui')
,('ROLE_WTR','f.cherkaoui')
,('ROLE_WTR','f.dadess')
;
INSERT INTO user_role (role,user_username) VALUES 
('ROLE_IEXPENSE','f.dahani')
,('ROLE_MYHR','f.dahani')
,('ROLE_MYTOOLS','f.dahani')
,('ROLE_WTR','f.dahani')
,('ROLE_IEXPENSE','f.elkerzi')
,('ROLE_IFINANCE','f.elkerzi')
,('ROLE_MYHR','f.elkerzi')
,('ROLE_MYTOOLS','f.elkerzi')
,('ROLE_WTR','f.elkerzi')
,('ROLE_IEXPENSE','f.errachidi')
;
INSERT INTO user_role (role,user_username) VALUES 
('ROLE_MYHR','f.errachidi')
,('ROLE_MYTOOLS','f.errachidi')
,('ROLE_WTR','f.errachidi')
,('IFINANCE_USER','f.fellah')
,('ROLE_IEXPENSE','f.fellah')
,('ROLE_IFINANCE','f.fellah')
,('ROLE_ILOGISTICS','f.fellah')
,('ROLE_ILOGISTICS_SE','f.fellah')
,('ROLE_ILOGISTICS_USER','f.fellah')
,('ROLE_MYHR','f.fellah')
;
INSERT INTO user_role (role,user_username) VALUES 
('ROLE_MYTOOLS','f.fellah')
,('ROLE_WTR','f.fellah')
,('ROLE_IEXPENSE','f.hamidi')
,('ROLE_MYHR','f.hamidi')
,('ROLE_MYTOOLS','f.hamidi')
,('ROLE_WTR','f.hamidi')
,('ROLE_IEXPENSE','f.haoudi')
,('ROLE_IFINANCE','f.haoudi')
,('ROLE_MYHR','f.haoudi')
,('ROLE_MYTOOLS','f.haoudi')
;
INSERT INTO user_role (role,user_username) VALUES 
('ROLE_WTR','f.haoudi')
,('ROLE_WTR','f.harrami')
,('ROLE_WTR','f.idir')
,('ROLE_IEXPENSE','f.idrissikhamlichi')
,('ROLE_IFINANCE','f.idrissikhamlichi')
,('ROLE_MYHR','f.idrissikhamlichi')
,('ROLE_MYTOOLS','f.idrissikhamlichi')
,('ROLE_WTR','f.idrissikhamlichi')
,('ROLE_IEXPENSE','f.jabrane')
,('ROLE_MYHR','f.jabrane')
;
INSERT INTO user_role (role,user_username) VALUES 
('ROLE_MYTOOLS','f.jabrane')
,('ROLE_WTR','f.jabrane')
,('ROLE_IFINANCE','f.kasiri')
,('ROLE_MYHR','f.kasiri')
,('ROLE_MYTOOLS','f.kasiri')
,('ROLE_IBUY','f.khdoud')
,('ROLE_IEXPENSE','f.khdoud')
,('ROLE_ILOGISTICS','f.khdoud')
,('ROLE_ILOGISTICS_SE','f.khdoud')
,('ROLE_ILOGISTICS_USER','f.khdoud')
;
INSERT INTO user_role (role,user_username) VALUES 
('ROLE_MYHR','f.khdoud')
,('ROLE_MYTOOLS','f.khdoud')
,('ROLE_SDM','f.khdoud')
,('ROLE_SDM_COORDINATOR','f.khdoud')
,('ROLE_WTR','f.khdoud')
,('ROLE_IEXPENSE','f.lagzouli')
,('ROLE_IFINANCE','f.lagzouli')
,('ROLE_MYHR','f.lagzouli')
,('ROLE_MYTOOLS','f.lagzouli')
,('ROLE_WTR','f.lagzouli')
;
INSERT INTO user_role (role,user_username) VALUES 
('ROLE_WTR','f.ouardi')
,('ROLE_WTR','f.ourabah')
,('ROLE_WTR','f.ridasbay')
,('ROLE_IEXPENSE','f.talbi')
,('ROLE_MYHR','f.talbi')
,('ROLE_MYTOOLS','f.talbi')
,('ROLE_WTR','f.talbi')
,('ROLE_WTR','f.tifour')
,('ROLE_IEXPENSE','f.yahyaoui')
,('ROLE_IFINANCE','f.yahyaoui')
;
INSERT INTO user_role (role,user_username) VALUES 
('ROLE_MYHR','f.yahyaoui')
,('ROLE_MYTOOLS','f.yahyaoui')
,('ROLE_WTR','f.yahyaoui')
,('ROLE_WTR','f.yakoubi')
,('ROLE_WTR','g.hadjyoucef')
,('ROLE_IEXPENSE','h.abbadi')
,('ROLE_IFINANCE','h.abbadi')
,('ROLE_MYHR','h.abbadi')
,('ROLE_MYTOOLS','h.abbadi')
,('ROLE_WTR','h.abbadi')
;
INSERT INTO user_role (role,user_username) VALUES 
('ROLE_IEXPENSE','h.abbaoui')
,('ROLE_IFINANCE','h.abbaoui')
,('ROLE_MYHR','h.abbaoui')
,('ROLE_MYTOOLS','h.abbaoui')
,('ROLE_WTR','h.abbaoui')
,('ROLE_WTR','h.abdellaoui')
,('ROLE_IEXPENSE','h.abid')
,('ROLE_IFINANCE','h.abid')
,('ROLE_MYHR','h.abid')
,('ROLE_MYTOOLS','h.abid')
;
INSERT INTO user_role (role,user_username) VALUES 
('ROLE_WTR','h.abid')
,('ROLE_IEXPENSE','h.achahboune')
,('ROLE_MYHR','h.achahboune')
,('ROLE_MYTOOLS','h.achahboune')
,('ROLE_WTR','h.achahboune')
,('ROLE_IBUY','h.achouiba')
,('ROLE_IEXPENSE','h.achouiba')
,('ROLE_MR_PM','h.achouiba')
,('ROLE_MYHR','h.achouiba')
,('ROLE_MYTOOLS','h.achouiba')
;
INSERT INTO user_role (role,user_username) VALUES 
('ROLE_WTR','h.achouiba')
,('ROLE_IEXPENSE','h.aithamou')
,('ROLE_MYHR','h.aithamou')
,('ROLE_MYTOOLS','h.aithamou')
,('ROLE_WTR','h.aithamou')
,('ROLE_IEXPENSE','h.anbar')
,('ROLE_IFINANCE','h.anbar')
,('ROLE_MYHR','h.anbar')
,('ROLE_MYTOOLS','h.anbar')
,('ROLE_WTR','h.anbar')
;
INSERT INTO user_role (role,user_username) VALUES 
('ROLE_IBUY','h.aneftah')
,('ROLE_IEXPENSE','h.aneftah')
,('ROLE_INVOICE','h.aneftah')
,('ROLE_MR_PM','h.aneftah')
,('ROLE_MT_LM','h.aneftah')
,('ROLE_MYHR','h.aneftah')
,('ROLE_MYREPORTS','h.aneftah')
,('ROLE_MYTOOLS','h.aneftah')
,('ROLE_SDM','h.aneftah')
,('ROLE_SDM_COORDINATOR','h.aneftah')
;
INSERT INTO user_role (role,user_username) VALUES 
('ROLE_SDM_PM','h.aneftah')
,('ROLE_WTR','h.aneftah')
,('ROLE_IEXPENSE','h.awane')
,('ROLE_MYHR','h.awane')
,('ROLE_MYTOOLS','h.awane')
,('ROLE_WTR','h.awane')
,('ROLE_WTR','h.baazza')
,('ROLE_IEXPENSE','h.bakhous')
,('ROLE_IFINANCE','h.bakhous')
,('ROLE_MYHR','h.bakhous')
;
INSERT INTO user_role (role,user_username) VALUES 
('ROLE_MYTOOLS','h.bakhous')
,('ROLE_WTR','h.bakhous')
,('ROLE_IEXPENSE','h.belaamoud')
,('ROLE_MYHR','h.belaamoud')
,('ROLE_MYTOOLS','h.belaamoud')
,('ROLE_WTR','h.belaamoud')
,('ROLE_WTR','h.benhaddou')
,('ROLE_IEXPENSE','h.benjrad')
,('ROLE_MYHR','h.benjrad')
,('ROLE_MYTOOLS','h.benjrad')
;
INSERT INTO user_role (role,user_username) VALUES 
('ROLE_WTR','h.benjrad')
,('ROLE_IEXPENSE','h.boukhlifi')
,('ROLE_MYHR','h.boukhlifi')
,('ROLE_MYTOOLS','h.boukhlifi')
,('ROLE_WTR','h.boukhlifi')
,('ROLE_WTR','h.boulesba')
,('ROLE_WTR','h.bourdine')
,('ROLE_WTR','h.bouz')
,('ROLE_IEXPENSE','h.chaamouri  ')
,('ROLE_MYHR','h.chaamouri  ')
;
INSERT INTO user_role (role,user_username) VALUES 
('ROLE_MYTOOLS','h.chaamouri  ')
,('ROLE_WTR','h.chaamouri  ')
,('ROLE_IEXPENSE','h.chafi')
,('ROLE_MYHR','h.chafi')
,('ROLE_MYTOOLS','h.chafi')
,('ROLE_WTR','h.chafi')
,('IFINANCE_USER','h.chenna')
,('ROLE_IBUY','h.chenna')
,('ROLE_IEXPENSE','h.chenna')
,('ROLE_IFINANCE','h.chenna')
;
INSERT INTO user_role (role,user_username) VALUES 
('ROLE_ILOGISTICS','h.chenna')
,('ROLE_ILOGISTICS_USER','h.chenna')
,('ROLE_MYHR','h.chenna')
,('ROLE_MYTOOLS','h.chenna')
,('ROLE_WTR','h.chenna')
,('ROLE_MYTOOLS','h.cherradi')
,('ROLE_IEXPENSE','h.dahbi')
,('ROLE_MYHR','h.dahbi')
,('ROLE_MYTOOLS','h.dahbi')
,('ROLE_WTR','h.dahbi')
;
INSERT INTO user_role (role,user_username) VALUES 
('ROLE_IEXPENSE','h.dghough')
,('ROLE_IFINANCE','h.dghough')
,('ROLE_MYHR','h.dghough')
,('ROLE_MYTOOLS','h.dghough')
,('ROLE_WTR','h.dghough')
,('ROLE_IEXPENSE','h.dnidane')
,('ROLE_IFINANCE','h.dnidane')
,('ROLE_MYHR','h.dnidane')
,('ROLE_MYTOOLS','h.dnidane')
,('ROLE_WTR','h.dnidane')
;
INSERT INTO user_role (role,user_username) VALUES 
('ROLE_IEXPENSE','h.eladouani')
,('ROLE_MYHR','h.eladouani')
,('ROLE_MYTOOLS','h.eladouani')
,('ROLE_WTR','h.eladouani')
,('ROLE_IEXPENSE','h.elalaoui')
,('ROLE_MYHR','h.elalaoui')
,('ROLE_MYTOOLS','h.elalaoui')
,('ROLE_WTR','h.elalaoui')
,('ROLE_MYOFFICE','h.elguezzar')
,('ROLE_MYOFFICE_SUPERVISOR','h.elguezzar')
;
INSERT INTO user_role (role,user_username) VALUES 
('ROLE_MYOFFICE_USER','h.elguezzar')
,('ROLE_IEXPENSE','h.elguezzar')
,('ROLE_IFINANCE','h.elguezzar')
,('ROLE_MYHR','h.elguezzar')
,('ROLE_MYTOOLS','h.elguezzar')
,('ROLE_WTR','h.elguezzar')
,('ROLE_IEXPENSE','h.elhanafi')
,('ROLE_MYHR','h.elhanafi')
,('ROLE_MYTOOLS','h.elhanafi')
,('ROLE_WTR','h.elhanafi')
;
INSERT INTO user_role (role,user_username) VALUES 
('ROLE_IEXPENSE','h.elmers')
,('ROLE_MYHR','h.elmers')
,('ROLE_MYTOOLS','h.elmers')
,('ROLE_WTR','h.elmers')
,('ROLE_IEXPENSE','h.elobaydy')
,('ROLE_MYHR','h.elobaydy')
,('ROLE_MYTOOLS','h.elobaydy')
,('ROLE_WTR','h.elobaydy')
,('ROLE_IEXPENSE','h.elqaliy')
,('ROLE_IFINANCE','h.elqaliy')
;
INSERT INTO user_role (role,user_username) VALUES 
('ROLE_MYHR','h.elqaliy')
,('ROLE_MYTOOLS','h.elqaliy')
,('ROLE_WTR','h.elqaliy')
,('ROLE_IEXPENSE','h.essabri')
,('ROLE_IFINANCE','h.essabri')
,('ROLE_MYHR','h.essabri')
,('ROLE_MYTOOLS','h.essabri')
,('ROLE_WTR','h.essabri')
,('ROLE_IEXPENSE','h.gheddi')
,('ROLE_IFINANCE','h.gheddi')
;
INSERT INTO user_role (role,user_username) VALUES 
('ROLE_MYHR','h.gheddi')
,('ROLE_MYTOOLS','h.gheddi')
,('ROLE_WTR','h.gheddi')
,('ROLE_WTR','h.haddad')
,('ROLE_WTR','h.haddouche')
,('ROLE_IEXPENSE','h.hegazy')
,('ROLE_MYHR','h.hegazy')
,('ROLE_MYTOOLS','h.hegazy')
,('ROLE_WTR','h.hegazy')
,('ROLE_IEXPENSE','h.hmamouche')
;
INSERT INTO user_role (role,user_username) VALUES 
('ROLE_MYHR','h.hmamouche')
,('ROLE_MYTOOLS','h.hmamouche')
,('ROLE_WTR','h.hmamouche')
,('ROLE_IEXPENSE','h.idassi')
,('ROLE_MYHR','h.idassi')
,('ROLE_MYTOOLS','h.idassi')
,('ROLE_WTR','h.idassi')
,('ROLE_IEXPENSE','h.karouani')
,('ROLE_MYHR','h.karouani')
,('ROLE_MYTOOLS','h.karouani')
;
INSERT INTO user_role (role,user_username) VALUES 
('ROLE_WTR','h.karouani')
,('ROLE_IEXPENSE','h.khatri')
,('ROLE_MYHR','h.khatri')
,('ROLE_MYTOOLS','h.khatri')
,('ROLE_WTR','h.khatri')
,('ROLE_IEXPENSE','h.khayati')
,('ROLE_MYHR','h.khayati')
,('ROLE_MYTOOLS','h.khayati')
,('ROLE_WTR','h.khayati')
,('IFINANCE_USER','h.khouya')
;
INSERT INTO user_role (role,user_username) VALUES 
('ROLE_IBUY','h.khouya')
,('ROLE_IEXPENSE','h.khouya')
,('ROLE_IFINANCE','h.khouya')
,('ROLE_ILOGISTICS','h.khouya')
,('ROLE_ILOGISTICS_PM','h.khouya')
,('ROLE_ILOGISTICS_SE','h.khouya')
,('ROLE_ILOGISTICS_USER','h.khouya')
,('ROLE_INVOICE','h.khouya')
,('ROLE_MR_LOB','h.khouya')
,('ROLE_MYHR','h.khouya')
;
INSERT INTO user_role (role,user_username) VALUES 
('ROLE_MYPM','h.khouya')
,('ROLE_MYTOOLS','h.khouya')
,('ROLE_SDM','h.khouya')
,('ROLE_SDM_PM','h.khouya')
,('ROLE_WTR','h.khouya')
,('ROLE_IEXPENSE','h.kouibaa')
,('ROLE_MYHR','h.kouibaa')
,('ROLE_MYTOOLS','h.kouibaa')
,('ROLE_WTR','h.kouibaa')
,('ROLE_IEXPENSE','h.lamdouar')
;
INSERT INTO user_role (role,user_username) VALUES 
('ROLE_INVOICE','h.lamdouar')
,('ROLE_MYHR','h.lamdouar')
,('ROLE_MYTOOLS','h.lamdouar')
,('ROLE_WTR','h.lamdouar')
,('IFINANCE_USER','h.lamghayri')
,('ROLE_IBUY','h.lamghayri')
,('ROLE_IEXPENSE','h.lamghayri')
,('ROLE_IFINANCE','h.lamghayri')
,('ROLE_INVOICE','h.lamghayri')
,('ROLE_MR_PM','h.lamghayri')
;
INSERT INTO user_role (role,user_username) VALUES 
('ROLE_MT_LM','h.lamghayri')
,('ROLE_MYHR','h.lamghayri')
,('ROLE_MYPM','h.lamghayri')
,('ROLE_MYREPORTS','h.lamghayri')
,('ROLE_MYTOOLS','h.lamghayri')
,('ROLE_WTR','h.lamghayri')
,('ROLE_IEXPENSE','h.lebbar')
,('ROLE_MYHR','h.lebbar')
,('ROLE_MYTOOLS','h.lebbar')
,('ROLE_WTR','h.lebbar')
;
INSERT INTO user_role (role,user_username) VALUES 
('IFINANCE_USER','h.lotfi')
,('ROLE_IBUY','h.lotfi')
,('ROLE_IEXPENSE','h.lotfi')
,('ROLE_IFINANCE','h.lotfi')
,('ROLE_INVOICE','h.lotfi')
,('ROLE_MT_LM','h.lotfi')
,('ROLE_MYHR','h.lotfi')
,('ROLE_MYREPORTS','h.lotfi')
,('ROLE_MYTOOLS','h.lotfi')
,('ROLE_WTR','h.lotfi')
;
INSERT INTO user_role (role,user_username) VALUES 
('ROLE_IBUY','h.lounes')
,('ROLE_MR_LOB','h.lounes')
,('ROLE_MT_LM','h.lounes')
,('ROLE_MYPM','h.lounes')
,('ROLE_OME','h.lounes')
,('ROLE_PM','h.lounes')
,('ROLE_USER','h.lounes')
,('ROLE_WTR','h.lounes')
,('ROLE_WTR','h.medbouh')
,('ROLE_WTR','h.mhaouch')
;
INSERT INTO user_role (role,user_username) VALUES 
('ROLE_IBUY','h.mrabet')
,('ROLE_IEXPENSE','h.mrabet')
,('ROLE_ILOGISTICS','h.mrabet')
,('ROLE_ILOGISTICS_PM','h.mrabet')
,('ROLE_ILOGISTICS_SE','h.mrabet')
,('ROLE_ILOGISTICS_USER','h.mrabet')
,('ROLE_INVOICE','h.mrabet')
,('ROLE_MR_PM','h.mrabet')
,('ROLE_MT_LM','h.mrabet')
,('ROLE_MYHR','h.mrabet')
;
INSERT INTO user_role (role,user_username) VALUES 
('ROLE_MYPM','h.mrabet')
,('ROLE_MYREPORTS','h.mrabet')
,('ROLE_MYTOOLS','h.mrabet')
,('ROLE_SDM','h.mrabet')
,('ROLE_SDM_COORDINATOR','h.mrabet')
,('ROLE_SDM_PM','h.mrabet')
,('ROLE_WTR','h.mrabet')
,('ROLE_IEXPENSE','h.ouahby')
,('ROLE_IFINANCE','h.ouahby')
,('ROLE_MYHR','h.ouahby')
;
INSERT INTO user_role (role,user_username) VALUES 
('ROLE_MYTOOLS','h.ouahby')
,('ROLE_WTR','h.ouahby')
,('ROLE_IEXPENSE','h.ouassou')
,('ROLE_MYHR','h.ouassou')
,('ROLE_MYTOOLS','h.ouassou')
,('ROLE_WTR','h.ouassou')
,('ROLE_IEXPENSE','h.oubrik')
,('ROLE_IFINANCE','h.oubrik')
,('ROLE_MYHR','h.oubrik')
,('ROLE_MYTOOLS','h.oubrik')
;
INSERT INTO user_role (role,user_username) VALUES 
('ROLE_WTR','h.oubrik')
,('ROLE_IEXPENSE','h.ouhanna')
,('ROLE_IFINANCE','h.ouhanna')
,('ROLE_MYHR','h.ouhanna')
,('ROLE_MYTOOLS','h.ouhanna')
,('ROLE_WTR','h.ouhanna')
,('ROLE_IEXPENSE','h.rouizi')
,('ROLE_IFINANCE','h.rouizi')
,('ROLE_MYHR','h.rouizi')
,('ROLE_MYTOOLS','h.rouizi')
;
INSERT INTO user_role (role,user_username) VALUES 
('ROLE_WTR','h.rouizi')
,('ROLE_IEXPENSE','h.salifi')
,('ROLE_IFINANCE','h.salifi')
,('ROLE_MYHR','h.salifi')
,('ROLE_MYTOOLS','h.salifi')
,('ROLE_WTR','h.salifi')
,('ROLE_WTR','h.salim')
,('ROLE_IEXPENSE','h.seffar')
,('ROLE_IFINANCE','h.seffar')
,('ROLE_MYHR','h.seffar')
;
INSERT INTO user_role (role,user_username) VALUES 
('ROLE_MYTOOLS','h.seffar')
,('ROLE_WTR','h.seffar')
,('IFINANCE_USER','h.sekkour')
,('ROLE_IEXPENSE','h.sekkour')
,('ROLE_IFINANCE','h.sekkour')
,('ROLE_ILOGISTICS','h.sekkour')
,('ROLE_ILOGISTICS_SE','h.sekkour')
,('ROLE_ILOGISTICS_USER','h.sekkour')
,('ROLE_MYHR','h.sekkour')
,('ROLE_MYTOOLS','h.sekkour')
;
INSERT INTO user_role (role,user_username) VALUES 
('ROLE_WTR','h.sekkour')
,('ROLE_IEXPENSE','h.taibi')
,('ROLE_IFINANCE','h.taibi')
,('ROLE_MYHR','h.taibi')
,('ROLE_MYTOOLS','h.taibi')
,('ROLE_WTR','h.taibi')
,('ROLE_WTR','h.talha')
,('ROLE_WTR','h.tighenifine')
,('ROLE_IEXPENSE','h.zaarouri')
,('ROLE_MYHR','h.zaarouri')
;
INSERT INTO user_role (role,user_username) VALUES 
('ROLE_MYTOOLS','h.zaarouri')
,('ROLE_WTR','h.zaarouri')
,('ROLE_IBUY','h.zait')
,('ROLE_MT_LM','h.zait')
,('ROLE_OME','h.zait')
,('ROLE_PM','h.zait')
,('ROLE_WTR','h.zait')
,('ROLE_IEXPENSE','h.zarouil')
,('ROLE_INVOICE','h.zarouil')
,('ROLE_MR_PMA','h.zarouil')
;
INSERT INTO user_role (role,user_username) VALUES 
('ROLE_MT_LM','h.zarouil')
,('ROLE_MYHR','h.zarouil')
,('ROLE_MYTOOLS','h.zarouil')
,('ROLE_WTR','h.zarouil')
,('ROLE_IEXPENSE','h.zouarhi')
,('ROLE_INVOICE','h.zouarhi')
,('ROLE_MR_PMA','h.zouarhi')
,('ROLE_MYHR','h.zouarhi')
,('ROLE_MYREPORTS','h.zouarhi')
,('ROLE_MYTOOLS','h.zouarhi')
;
INSERT INTO user_role (role,user_username) VALUES 
('ROLE_WTR','h.zouarhi')
,('ROLE_MYTOOLS','h.zoubairi')
,('ROLE_WTR','h.zoubairi')
,('ROLE_IEXPENSE','hi.khayati')
,('ROLE_MYHR','hi.khayati')
,('ROLE_MYTOOLS','hi.khayati')
,('ROLE_WTR','hi.khayati')
,('ROLE_MYHR','hr')
,('ROLE_RH','hr')
,('ROLE_WTR','hr')
;
INSERT INTO user_role (role,user_username) VALUES 
('ROLE_IEXPENSE','i.alkhouyaali')
,('ROLE_IFINANCE','i.alkhouyaali')
,('ROLE_MYHR','i.alkhouyaali')
,('ROLE_MYTOOLS','i.alkhouyaali')
,('ROLE_WTR','i.alkhouyaali')
,('ROLE_IEXPENSE','i.azim')
,('ROLE_IFINANCE','i.azim')
,('ROLE_MYHR','i.azim')
,('ROLE_MYTOOLS','i.azim')
,('ROLE_WTR','i.azim')
;
INSERT INTO user_role (role,user_username) VALUES 
('ROLE_IEXPENSE','i.bakkar')
,('ROLE_MYHR','i.bakkar')
,('ROLE_MYTOOLS','i.bakkar')
,('ROLE_WTR','i.bakkar')
,('ROLE_IEXPENSE','i.barazouk')
,('ROLE_IFINANCE','i.barazouk')
,('ROLE_MYHR','i.barazouk')
,('ROLE_MYTOOLS','i.barazouk')
,('ROLE_WTR','i.barazouk')
,('ROLE_IEXPENSE','i.belabbas')
;
INSERT INTO user_role (role,user_username) VALUES 
('ROLE_MYHR','i.belabbas')
,('ROLE_MYTOOLS','i.belabbas')
,('ROLE_WTR','i.belabbas')
,('ROLE_IEXPENSE','i.belghitialaoui')
,('ROLE_IFINANCE','i.belghitialaoui')
,('ROLE_ILOGISTICS','i.belghitialaoui')
,('ROLE_ILOGISTICS_USER','i.belghitialaoui')
,('ROLE_MYHR','i.belghitialaoui')
,('ROLE_MYTOOLS','i.belghitialaoui')
,('ROLE_WTR','i.belghitialaoui')
;
INSERT INTO user_role (role,user_username) VALUES 
('ROLE_WTR','i.bensaid')
,('ROLE_IEXPENSE','i.benssar')
,('ROLE_MYHR','i.benssar')
,('ROLE_MYTOOLS','i.benssar')
,('ROLE_WTR','i.benssar')
,('ROLE_IEXPENSE','i.bouzid')
,('ROLE_IFINANCE','i.bouzid')
,('ROLE_MYHR','i.bouzid')
,('ROLE_MYTOOLS','i.bouzid')
,('ROLE_SDM','i.bouzid')
;
INSERT INTO user_role (role,user_username) VALUES 
('ROLE_SDM_COORDINATOR','i.bouzid')
,('ROLE_SDM_PM','i.bouzid')
,('ROLE_WTR','i.bouzid')
,('IFINANCE_USER','i.chabana')
,('ROLE_IBUY','i.chabana')
,('ROLE_IEXPENSE','i.chabana')
,('ROLE_IFINANCE','i.chabana')
,('ROLE_ILOGISTICS','i.chabana')
,('ROLE_ILOGISTICS_USER','i.chabana')
,('ROLE_INVOICE','i.chabana')
;
INSERT INTO user_role (role,user_username) VALUES 
('ROLE_MR_LOB','i.chabana')
,('ROLE_MYHR','i.chabana')
,('ROLE_MYREPORTS','i.chabana')
,('ROLE_MYTOOLS','i.chabana')
,('ROLE_WTR','i.chabana')
,('ROLE_IEXPENSE','i.eddaoudi')
,('ROLE_IFINANCE','i.eddaoudi')
,('ROLE_MYHR','i.eddaoudi')
,('ROLE_MYTOOLS','i.eddaoudi')
,('ROLE_WTR','i.eddaoudi')
;
INSERT INTO user_role (role,user_username) VALUES 
('ROLE_IEXPENSE','i.elgaouzi')
,('ROLE_MYHR','i.elgaouzi')
,('ROLE_MYTOOLS','i.elgaouzi')
,('ROLE_WTR','i.elgaouzi')
,('ROLE_HR','i.elhaiek')
,('ROLE_MYTOOL','i.elhaiek')
,('ROLE_USER','i.elhaiek')
,('ROLE_IEXPENSE','i.elhandaoui')
,('ROLE_IFINANCE','i.elhandaoui')
,('ROLE_MYHR','i.elhandaoui')
;
INSERT INTO user_role (role,user_username) VALUES 
('ROLE_MYTOOLS','i.elhandaoui')
,('ROLE_WTR','i.elhandaoui')
,('ROLE_MYOFFICE','i.eljabri')
,('ROLE_MYOFFICE_SUPERVISOR','i.eljabri')
,('ROLE_IBUY','i.eljabri')
,('ROLE_IEXPENSE','i.eljabri')
,('ROLE_MT_LM','i.eljabri')
,('ROLE_MYHR','i.eljabri')
,('ROLE_MYTOOLS','i.eljabri')
,('ROLE_WTR','i.eljabri')
;
INSERT INTO user_role (role,user_username) VALUES 
('ROLE_MYTOOLS','i.elkarfi')
,('ROLE_IEXPENSE','i.elouardighi')
,('ROLE_INVOICE','i.elouardighi')
,('ROLE_MR_PMA','i.elouardighi')
,('ROLE_MYHR','i.elouardighi')
,('ROLE_MYREPORTS','i.elouardighi')
,('ROLE_MYTOOLS','i.elouardighi')
,('ROLE_WTR','i.elouardighi')
,('ROLE_IEXPENSE','i.farissi')
,('ROLE_IFINANCE','i.farissi')
;
INSERT INTO user_role (role,user_username) VALUES 
('ROLE_INVOICE','i.farissi')
,('ROLE_MYHR','i.farissi')
,('ROLE_MYTOOLS','i.farissi')
,('ROLE_WTR','i.farissi')
,('ROLE_IEXPENSE','i.guermah')
,('ROLE_MYHR','i.guermah')
,('ROLE_MYTOOLS','i.guermah')
,('ROLE_WTR','i.guermah')
,('ROLE_IEXPENSE','i.namrane')
,('ROLE_MYHR','i.namrane')
;
INSERT INTO user_role (role,user_username) VALUES 
('ROLE_MYTOOLS','i.namrane')
,('ROLE_WTR','i.namrane')
,('ROLE_IEXPENSE','i.ouahb')
,('ROLE_MYHR','i.ouahb')
,('ROLE_MYTOOLS','i.ouahb')
,('ROLE_WTR','i.ouahb')
,('ROLE_MYOFFICE','i.ouazzane')
,('ROLE_WTR','i.ouazzane')
,('ROLE_IEXPENSE','i.ouledsebtia')
,('ROLE_IFINANCE','i.ouledsebtia')
;
INSERT INTO user_role (role,user_username) VALUES 
('ROLE_MYHR','i.ouledsebtia')
,('ROLE_MYTOOLS','i.ouledsebtia')
,('ROLE_WTR','i.ouledsebtia')
,('IFINANCE_EX','i.qandoussi')
,('ROLE_MYOFFICE','i.qandoussi')
,('ROLE_MYOFFICE_SUPERVISOR','i.qandoussi')
,('ROLE_IBUY','i.qandoussi')
,('ROLE_IEXPENSE','i.qandoussi')
,('ROLE_IFINANCE','i.qandoussi')
,('ROLE_INVOICE','i.qandoussi')
;
INSERT INTO user_role (role,user_username) VALUES 
('ROLE_MR_EXEC','i.qandoussi')
,('ROLE_MT_LM','i.qandoussi')
,('ROLE_MYHR','i.qandoussi')
,('ROLE_MYPM','i.qandoussi')
,('ROLE_MYREPORTS','i.qandoussi')
,('ROLE_MYTOOLS','i.qandoussi')
,('ROLE_WTR','i.qandoussi')
,('ROLE_IEXPENSE','i.tagui')
,('ROLE_IFINANCE','i.tagui')
,('ROLE_MYHR','i.tagui')
;
INSERT INTO user_role (role,user_username) VALUES 
('ROLE_MYTOOLS','i.tagui')
,('ROLE_SDM','i.tagui')
,('ROLE_SDM_COORDINATOR','i.tagui')
,('ROLE_WTR','i.tagui')
,('ROLE_WTR','i.tahar')
,('ROLE_IEXPENSE','i.torchi')
,('ROLE_IFINANCE','i.torchi')
,('ROLE_MYHR','i.torchi')
,('ROLE_MYTOOLS','i.torchi')
,('ROLE_WTR','i.torchi')
;
INSERT INTO user_role (role,user_username) VALUES 
('ROLE_IBUY','i.zarouil')
,('ROLE_IEXPENSE','i.zarouil')
,('ROLE_ILOGISTICS','i.zarouil')
,('ROLE_ILOGISTICS_SE','i.zarouil')
,('ROLE_ILOGISTICS_USER','i.zarouil')
,('ROLE_INVOICE','i.zarouil')
,('ROLE_MR_PM','i.zarouil')
,('ROLE_MT_LM','i.zarouil')
,('ROLE_MYHR','i.zarouil')
,('ROLE_MYPM','i.zarouil')
;
INSERT INTO user_role (role,user_username) VALUES 
('ROLE_MYREPORTS','i.zarouil')
,('ROLE_MYTOOLS','i.zarouil')
,('ROLE_WTR','i.zarouil')
,('ROLE_IEXPENSE','j.aessri')
,('ROLE_MYHR','j.aessri')
,('ROLE_MYTOOLS','j.aessri')
,('ROLE_WTR','j.aessri')
,('ROLE_WTR','j.boutat')
,('ROLE_WTR','j.debbah')
,('ROLE_IEXPENSE','j.elasri')
;
INSERT INTO user_role (role,user_username) VALUES 
('ROLE_IFINANCE','j.elasri')
,('ROLE_MYHR','j.elasri')
,('ROLE_MYTOOLS','j.elasri')
,('ROLE_WTR','j.elasri')
,('ROLE_IEXPENSE','j.elazzouzi')
,('ROLE_IFINANCE','j.elazzouzi')
,('ROLE_MYHR','j.elazzouzi')
,('ROLE_MYTOOLS','j.elazzouzi')
,('ROLE_WTR','j.elazzouzi')
,('IFINANCE_USER','j.elouardighi')
;
INSERT INTO user_role (role,user_username) VALUES 
('ROLE_IEXPENSE','j.elouardighi')
,('ROLE_IFINANCE','j.elouardighi')
,('ROLE_ILOGISTICS','j.elouardighi')
,('ROLE_ILOGISTICS_SE','j.elouardighi')
,('ROLE_ILOGISTICS_USER','j.elouardighi')
,('ROLE_INVOICE','j.elouardighi')
,('ROLE_MYHR','j.elouardighi')
,('ROLE_MYTOOLS','j.elouardighi')
,('ROLE_WTR','j.elouardighi')
,('ROLE_IEXPENSE','j.hasini')
;
INSERT INTO user_role (role,user_username) VALUES 
('ROLE_IFINANCE','j.hasini')
,('ROLE_MYHR','j.hasini')
,('ROLE_MYTOOLS','j.hasini')
,('ROLE_WTR','j.hasini')
,('ROLE_IEXPENSE','j.lakhal ')
,('ROLE_MYHR','j.lakhal ')
,('ROLE_MYTOOLS','j.lakhal ')
,('ROLE_WTR','j.lakhal ')
,('ROLE_IEXPENSE','j.lambarki')
,('ROLE_ILOGISTICS','j.lambarki')
;
INSERT INTO user_role (role,user_username) VALUES 
('ROLE_ILOGISTICS_SE','j.lambarki')
,('ROLE_ILOGISTICS_USER','j.lambarki')
,('ROLE_MYHR','j.lambarki')
,('ROLE_MYTOOLS','j.lambarki')
,('ROLE_SDM','j.lambarki')
,('ROLE_SDM_COORDINATOR','j.lambarki')
,('ROLE_SDM_PM','j.lambarki')
,('ROLE_WTR','j.lambarki')
,('ROLE_IEXPENSE','j.lazaar')
,('ROLE_MYHR','j.lazaar')
;
INSERT INTO user_role (role,user_username) VALUES 
('ROLE_MYTOOLS','j.lazaar')
,('ROLE_WTR','j.lazaar')
,('ROLE_IEXPENSE','j.wadday')
,('ROLE_MYHR','j.wadday')
,('ROLE_MYTOOLS','j.wadday')
,('ROLE_WTR','j.wadday')
,('ROLE_IEXPENSE','k.abbassi')
,('ROLE_ILOGISTICS','k.abbassi')
,('ROLE_ILOGISTICS_PM','k.abbassi')
,('ROLE_ILOGISTICS_SE','k.abbassi')
;
INSERT INTO user_role (role,user_username) VALUES 
('ROLE_ILOGISTICS_USER','k.abbassi')
,('ROLE_MYHR','k.abbassi')
,('ROLE_MYTOOLS','k.abbassi')
,('ROLE_WTR','k.abbassi')
,('ROLE_IEXPENSE','k.aitetaleb')
,('ROLE_IFINANCE','k.aitetaleb')
,('ROLE_ILOGISTICS','k.aitetaleb')
,('ROLE_MYHR','k.aitetaleb')
,('ROLE_MYTOOLS','k.aitetaleb')
,('ROLE_WTR','k.aitetaleb')
;
INSERT INTO user_role (role,user_username) VALUES 
('ROLE_IEXPENSE','k.assous')
,('ROLE_MYHR','k.assous')
,('ROLE_MYTOOLS','k.assous')
,('ROLE_WTR','k.assous')
,('ROLE_IEXPENSE','k.azzi')
,('ROLE_IFINANCE','k.azzi')
,('ROLE_MYHR','k.azzi')
,('ROLE_MYTOOLS','k.azzi')
,('ROLE_WTR','k.azzi')
,('ROLE_IEXPENSE','k.belabdia')
;
INSERT INTO user_role (role,user_username) VALUES 
('ROLE_IFINANCE','k.belabdia')
,('ROLE_MYHR','k.belabdia')
,('ROLE_MYTOOLS','k.belabdia')
,('ROLE_WTR','k.belabdia')
,('ROLE_WTR','k.benkada')
,('ROLE_IBUY','k.chakna')
,('ROLE_IEXPENSE','k.chakna')
,('ROLE_INVOICE','k.chakna')
,('ROLE_MR_PM','k.chakna')
,('ROLE_MT_LM','k.chakna')
;
INSERT INTO user_role (role,user_username) VALUES 
('ROLE_MYHR','k.chakna')
,('ROLE_MYPM','k.chakna')
,('ROLE_MYREPORTS','k.chakna')
,('ROLE_MYTOOLS','k.chakna')
,('ROLE_WTR','k.chakna')
,('ROLE_WTR','k.charkaoui')
,('ROLE_IEXPENSE','k.cherkaoui')
,('ROLE_MYHR','k.cherkaoui')
,('ROLE_MYTOOLS','k.cherkaoui')
,('ROLE_WTR','k.cherkaoui')
;
INSERT INTO user_role (role,user_username) VALUES 
('ROLE_WTR','k.elatifi')
,('ROLE_MYTOOLS','k.elhajjli')
,('ROLE_IEXPENSE','k.elkerzi')
,('ROLE_MYHR','k.elkerzi')
,('ROLE_MYTOOLS','k.elkerzi')
,('ROLE_WTR','k.elkerzi')
,('ROLE_WTR','k.ghoualem')
,('ROLE_IEXPENSE','k.harrak')
,('ROLE_IFINANCE','k.harrak')
,('ROLE_MYHR','k.harrak')
;
INSERT INTO user_role (role,user_username) VALUES 
('ROLE_MYTOOLS','k.harrak')
,('ROLE_WTR','k.harrak')
,('IFINANCE_USER','k.jabrane')
,('ROLE_IBUY','k.jabrane')
,('ROLE_IEXPENSE','k.jabrane')
,('ROLE_IFINANCE','k.jabrane')
,('ROLE_ILOGISTICS','k.jabrane')
,('ROLE_ILOGISTICS_USER','k.jabrane')
,('ROLE_INVOICE','k.jabrane')
,('ROLE_MR_LOB','k.jabrane')
;
INSERT INTO user_role (role,user_username) VALUES 
('ROLE_MYHR','k.jabrane')
,('ROLE_MYREPORTS','k.jabrane')
,('ROLE_MYTOOLS','k.jabrane')
,('ROLE_WTR','k.jabrane')
,('ROLE_ADMIN','k.jabri')
,('ROLE_IBUY','k.jabri')
,('ROLE_IEXPENSE','k.jail')
,('ROLE_IFINANCE','k.jail')
,('ROLE_MYHR','k.jail')
,('ROLE_MYTOOLS','k.jail')
;
INSERT INTO user_role (role,user_username) VALUES 
('ROLE_WTR','k.jail')
,('ROLE_IEXPENSE','k.karamazaman')
,('ROLE_MYHR','k.karamazaman')
,('ROLE_MYTOOLS','k.karamazaman')
,('ROLE_WTR','k.karamazaman')
,('ROLE_WTR','k.khelifati')
,('ROLE_IEXPENSE','k.kouadio')
,('ROLE_ILOGISTICS','k.kouadio')
,('ROLE_ILOGISTICS_USER','k.kouadio')
,('ROLE_MYHR','k.kouadio')
;
INSERT INTO user_role (role,user_username) VALUES 
('ROLE_MYTOOLS','k.kouadio')
,('ROLE_SDM','k.kouadio')
,('ROLE_SDM_COORDINATOR','k.kouadio')
,('ROLE_WTR','k.kouadio')
,('ROLE_IEXPENSE','k.lamsyah')
,('ROLE_MYHR','k.lamsyah')
,('ROLE_MYTOOLS','k.lamsyah')
,('ROLE_WTR','k.lamsyah')
,('ROLE_IBUY','k.loukili')
,('ROLE_IEXPENSE','k.loukili')
;
INSERT INTO user_role (role,user_username) VALUES 
('ROLE_IFINANCE','k.loukili')
,('ROLE_ILOGISTICS','k.loukili')
,('ROLE_ILOGISTICS_SE','k.loukili')
,('ROLE_ILOGISTICS_USER','k.loukili')
,('ROLE_MYHR','k.loukili')
,('ROLE_MYTOOLS','k.loukili')
,('ROLE_SDM','k.loukili')
,('ROLE_SDM_COORDINATOR','k.loukili')
,('ROLE_SDM_PM','k.loukili')
,('ROLE_WTR','k.loukili')
;
INSERT INTO user_role (role,user_username) VALUES 
('ROLE_IEXPENSE','k.mansouri')
,('ROLE_MYHR','k.mansouri')
,('ROLE_MYTOOLS','k.mansouri')
,('ROLE_WTR','k.mansouri')
,('ROLE_WTR','k.marouf')
,('ROLE_WTR','k.mehaiguene')
,('ROLE_IEXPENSE','k.missoum')
,('ROLE_MYHR','k.missoum')
,('ROLE_MYTOOLS','k.missoum')
,('ROLE_WTR','k.missoum')
;
INSERT INTO user_role (role,user_username) VALUES 
('ROLE_IEXPENSE','k.mouhtaram')
,('ROLE_IFINANCE','k.mouhtaram')
,('ROLE_MYHR','k.mouhtaram')
,('ROLE_MYTOOLS','k.mouhtaram')
,('ROLE_WTR','k.mouhtaram')
,('ROLE_WTR','k.nacer')
,('ROLE_IEXPENSE','k.naciri')
,('ROLE_IFINANCE','k.naciri')
,('ROLE_MYHR','k.naciri')
,('ROLE_MYTOOLS','k.naciri')
;
INSERT INTO user_role (role,user_username) VALUES 
('ROLE_WTR','k.naciri')
,('ROLE_ILOGISTICS','k.naitmbark')
,('ROLE_ILOGISTICS_PM','k.naitmbark')
,('ROLE_ILOGISTICS_SE','k.naitmbark')
,('ROLE_ILOGISTICS_TM','k.naitmbark')
,('ROLE_ILOGISTICS_USER','k.naitmbark')
,('ROLE_MR_PM','k.naitmbark')
,('ROLE_MT_LM','k.naitmbark')
,('ROLE_MYTOOLS','k.naitmbark')
,('ROLE_WTR','k.naitmbark')
;
INSERT INTO user_role (role,user_username) VALUES 
('ROLE_IEXPENSE','k.riahi')
,('ROLE_IFINANCE','k.riahi')
,('ROLE_MYHR','k.riahi')
,('ROLE_MYTOOLS','k.riahi')
,('ROLE_WTR','k.riahi')
,('ROLE_IEXPENSE','k.sayeb')
,('ROLE_MYHR','k.sayeb')
,('ROLE_MYTOOLS','k.sayeb')
,('ROLE_WTR','k.sayeb')
,('ROLE_IEXPENSE','l.abidar')
;
INSERT INTO user_role (role,user_username) VALUES 
('ROLE_MYHR','l.abidar')
,('ROLE_MYTOOLS','l.abidar')
,('ROLE_WTR','l.abidar')
,('IFINANCE_BS','l.amaziane')
,('IFINANCE_TM','l.amaziane')
,('ROLE_IBUY','l.amaziane')
,('ROLE_IEXPENSE','l.amaziane')
,('ROLE_IFINANCE','l.amaziane')
,('ROLE_MR_FA','l.amaziane')
,('ROLE_MYHR','l.amaziane')
;
INSERT INTO user_role (role,user_username) VALUES 
('ROLE_MYREPORTS','l.amaziane')
,('ROLE_MYTOOLS','l.amaziane')
,('ROLE_WTR','l.amaziane')
,('ROLE_WTR','l.amghar')
,('ROLE_IEXPENSE','l.hamouch')
,('ROLE_MYHR','l.hamouch')
,('ROLE_MYTOOLS','l.hamouch')
,('ROLE_WTR','l.hamouch')
,('IFINANCE_BS','l.koghbar')
,('ROLE_IBUY','l.koghbar')
;
INSERT INTO user_role (role,user_username) VALUES 
('ROLE_IEXPENSE','l.koghbar')
,('ROLE_IFINANCE','l.koghbar')
,('ROLE_INVOICE','l.koghbar')
,('ROLE_MYHR','l.koghbar')
,('ROLE_MYTOOLS','l.koghbar')
,('ROLE_WTR','l.koghbar')
,('ROLE_IBUY','l.larbiouassou')
,('ROLE_IEXPENSE','l.larbiouassou')
,('ROLE_ILOGISTICS','l.larbiouassou')
,('ROLE_ILOGISTICS_SE','l.larbiouassou')
;
INSERT INTO user_role (role,user_username) VALUES 
('ROLE_ILOGISTICS_USER','l.larbiouassou')
,('ROLE_INVOICE','l.larbiouassou')
,('ROLE_MR_PM','l.larbiouassou')
,('ROLE_MYHR','l.larbiouassou')
,('ROLE_MYPM','l.larbiouassou')
,('ROLE_MYREPORTS','l.larbiouassou')
,('ROLE_MYTOOLS','l.larbiouassou')
,('ROLE_SDM','l.larbiouassou')
,('ROLE_SDM_ASSISTANT','l.larbiouassou')
,('ROLE_SDM_COORDINATOR','l.larbiouassou')
;
INSERT INTO user_role (role,user_username) VALUES 
('ROLE_WTR','l.larbiouassou')
,('ROLE_MYOFFICE','l.sbay')
,('ROLE_MYOFFICE_SUPERVISOR','l.sbay')
,('ROLE_HR_INSSURANCE','l.sbay')
,('ROLE_IBUY','l.sbay')
,('ROLE_IEXPENSE','l.sbay')
,('ROLE_MR_HR','l.sbay')
,('ROLE_MYHR','l.sbay')
,('ROLE_MYREPORTS','l.sbay')
,('ROLE_MYTOOLS','l.sbay')
;
INSERT INTO user_role (role,user_username) VALUES 
('ROLE_RH','l.sbay')
,('ROLE_WTR','l.sbay')
,('ROLE_IEXPENSE','l.souadi')
,('ROLE_IFINANCE','l.souadi')
,('ROLE_MYHR','l.souadi')
,('ROLE_MYTOOLS','l.souadi')
,('ROLE_WTR','l.souadi')
,('ROLE_IEXPENSE','l.youssfi')
,('ROLE_MYHR','l.youssfi')
,('ROLE_MYTOOLS','l.youssfi')
;
INSERT INTO user_role (role,user_username) VALUES 
('ROLE_WTR','l.youssfi')
,('ROLE_IEXPENSE','l.zazouli')
,('ROLE_IFINANCE','l.zazouli')
,('ROLE_MYHR','l.zazouli')
,('ROLE_MYTOOLS','l.zazouli')
,('ROLE_WTR','l.zazouli')
,('ROLE_IEXPENSE','l.zoubir')
,('ROLE_MYHR','l.zoubir')
,('ROLE_MYTOOLS','l.zoubir')
,('ROLE_WTR','l.zoubir')
;
INSERT INTO user_role (role,user_username) VALUES 
('ROLE_WTR','m.abdelhadi')
,('ROLE_WTR','m.abderrahmane')
,('ROLE_IEXPENSE','m.achouba')
,('ROLE_IFINANCE','m.achouba')
,('ROLE_MYHR','m.achouba')
,('ROLE_MYTOOLS','m.achouba')
,('ROLE_WTR','m.achouba')
,('ROLE_IEXPENSE','m.aderbaz')
,('ROLE_MYHR','m.aderbaz')
,('ROLE_MYTOOLS','m.aderbaz')
;
INSERT INTO user_role (role,user_username) VALUES 
('ROLE_WTR','m.aderbaz')
,('ROLE_IEXPENSE','m.ahbar')
,('ROLE_IFINANCE','m.ahbar')
,('ROLE_MYHR','m.ahbar')
,('ROLE_MYTOOLS','m.ahbar')
,('ROLE_WTR','m.ahbar')
,('ROLE_ILOGISTICS_USER','m.ahbiba')
,('ROLE_IEXPENSE','m.aitmahmoud')
,('ROLE_MYHR','m.aitmahmoud')
,('ROLE_MYTOOLS','m.aitmahmoud')
;
INSERT INTO user_role (role,user_username) VALUES 
('ROLE_WTR','m.aitmahmoud')
,('ROLE_WTR','m.aitmekideche')
,('ROLE_WTR','m.ali')
,('ROLE_IBUY','m.atrassi')
,('ROLE_IEXPENSE','m.atrassi')
,('ROLE_ILOGISTICS','m.atrassi')
,('ROLE_ILOGISTICS_SE','m.atrassi')
,('ROLE_ILOGISTICS_USER','m.atrassi')
,('ROLE_INVOICE','m.atrassi')
,('ROLE_MR_PMA','m.atrassi')
;
INSERT INTO user_role (role,user_username) VALUES 
('ROLE_MYHR','m.atrassi')
,('ROLE_MYTOOLS','m.atrassi')
,('ROLE_SDM','m.atrassi')
,('ROLE_SDM_COORDINATOR','m.atrassi')
,('ROLE_SDM_PM','m.atrassi')
,('ROLE_WTR','m.atrassi')
,('ROLE_IBUY','m.attar')
,('ROLE_IEXPENSE','m.attar')
,('ROLE_ILOGISTICS','m.attar')
,('ROLE_ILOGISTICS_PM','m.attar')
;
INSERT INTO user_role (role,user_username) VALUES 
('ROLE_ILOGISTICS_SE','m.attar')
,('ROLE_ILOGISTICS_USER','m.attar')
,('ROLE_INVOICE','m.attar')
,('ROLE_MR_PM','m.attar')
,('ROLE_MT_LM','m.attar')
,('ROLE_MYHR','m.attar')
,('ROLE_MYPM','m.attar')
,('ROLE_MYREPORTS','m.attar')
,('ROLE_MYTOOLS','m.attar')
,('ROLE_SDM','m.attar')
;
INSERT INTO user_role (role,user_username) VALUES 
('ROLE_SDM_PM','m.attar')
,('ROLE_WTR','m.attar')
,('ROLE_IEXPENSE','m.baataoui')
,('ROLE_MYHR','m.baataoui')
,('ROLE_MYTOOLS','m.baataoui')
,('ROLE_SDM','m.baataoui')
,('ROLE_WTR','m.baataoui')
,('ROLE_IEXPENSE','m.bachiri')
,('ROLE_IFINANCE','m.bachiri')
,('ROLE_MYHR','m.bachiri')
;
INSERT INTO user_role (role,user_username) VALUES 
('ROLE_MYTOOLS','m.bachiri')
,('ROLE_WTR','m.bachiri')
,('ROLE_IBUY','m.bada')
,('ROLE_IEXPENSE','m.bada')
,('ROLE_INVOICE','m.bada')
,('ROLE_MR_PM','m.bada')
,('ROLE_MYHR','m.bada')
,('ROLE_MYPM','m.bada')
,('ROLE_MYTOOLS','m.bada')
,('ROLE_WTR','m.bada')
;
INSERT INTO user_role (role,user_username) VALUES 
('ROLE_IEXPENSE','m.badrous')
,('ROLE_IFINANCE','m.badrous')
,('ROLE_MYHR','m.badrous')
,('ROLE_MYTOOLS','m.badrous')
,('ROLE_WTR','m.badrous')
,('ROLE_IEXPENSE','m.bakhous')
,('ROLE_ILOGISTICS','m.bakhous')
,('ROLE_ILOGISTICS_SE','m.bakhous')
,('ROLE_ILOGISTICS_USER','m.bakhous')
,('ROLE_MYHR','m.bakhous')
;
INSERT INTO user_role (role,user_username) VALUES 
('ROLE_MYTOOLS','m.bakhous')
,('ROLE_WTR','m.bakhous')
,('ROLE_IEXPENSE','m.bamha')
,('ROLE_MYHR','m.bamha')
,('ROLE_MYTOOLS','m.bamha')
,('ROLE_WTR','m.bamha')
,('ROLE_IEXPENSE','m.behali')
,('ROLE_IFINANCE','m.behali')
,('ROLE_MYHR','m.behali')
,('ROLE_MYTOOLS','m.behali')
;
INSERT INTO user_role (role,user_username) VALUES 
('ROLE_WTR','m.behali')
,('ROLE_IEXPENSE','m.belakhdar')
,('ROLE_IFINANCE','m.belakhdar')
,('ROLE_MYHR','m.belakhdar')
,('ROLE_MYTOOLS','m.belakhdar')
,('ROLE_WTR','m.belakhdar')
,('ROLE_IEXPENSE','m.belbachirkchairi')
,('ROLE_IFINANCE','m.belbachirkchairi')
,('ROLE_MYHR','m.belbachirkchairi')
,('ROLE_MYTOOLS','m.belbachirkchairi')
;
INSERT INTO user_role (role,user_username) VALUES 
('ROLE_WTR','m.belbachirkchairi')
,('ROLE_WTR','m.benarfa')
,('ROLE_WTR','m.benhagouga')
,('ROLE_IEXPENSE','m.bennaji')
,('ROLE_IFINANCE','m.bennaji')
,('ROLE_MYHR','m.bennaji')
,('ROLE_MYTOOLS','m.bennaji')
,('ROLE_WTR','m.bennaji')
,('ROLE_IEXPENSE','m.benqassem')
,('ROLE_IFINANCE','m.benqassem')
;
INSERT INTO user_role (role,user_username) VALUES 
('ROLE_MYHR','m.benqassem')
,('ROLE_MYTOOLS','m.benqassem')
,('ROLE_WTR','m.benqassem')
,('ROLE_IEXPENSE','m.bensebbahia')
,('ROLE_MYHR','m.bensebbahia')
,('ROLE_MYTOOLS','m.bensebbahia')
,('ROLE_WTR','m.bensebbahia')
,('ROLE_IEXPENSE','m.bhia')
,('ROLE_MYHR','m.bhia')
,('ROLE_MYTOOLS','m.bhia')
;
INSERT INTO user_role (role,user_username) VALUES 
('ROLE_WTR','m.bhia')
,('ROLE_IEXPENSE','m.boudlal')
,('ROLE_IFINANCE','m.boudlal')
,('ROLE_MYHR','m.boudlal')
,('ROLE_MYTOOLS','m.boudlal')
,('ROLE_WTR','m.boudlal')
,('ROLE_WTR','m.boufetas')
,('IFINANCE_BS','m.bougri')
,('IFINANCE_EX','m.bougri')
,('IFINANCE_USER','m.bougri')
;
INSERT INTO user_role (role,user_username) VALUES 
('ROLE_ADMIN','m.bougri')
,('ROLE_MYOFFICE','m.bougri')
,('ROLE_MYOFFICE_ADMIN','m.bougri')
,('ROLE_MYOFFICE_SUPERVISOR','m.bougri')
,('ROLE_MYOFFICE_TR_MANAGER','m.bougri')
,('ROLE_MYOFFICE_USER','m.bougri')
,('ROLE_COMPTA','m.bougri')
,('ROLE_HR_PAYROLL','m.bougri')
,('ROLE_IBUY','m.bougri')
,('ROLE_IEXPENSE','m.bougri')
;
INSERT INTO user_role (role,user_username) VALUES 
('ROLE_IFINANCE','m.bougri')
,('ROLE_ILOGISTICS','m.bougri')
,('ROLE_ILOGISTICS_ADMIN','m.bougri')
,('ROLE_ILOGISTICS_PM','m.bougri')
,('ROLE_ILOGISTICS_SE','m.bougri')
,('ROLE_ILOGISTICS_USER','m.bougri')
,('ROLE_INVOICE','m.bougri')
,('ROLE_MR_EXEC','m.bougri')
,('ROLE_MT_LM','m.bougri')
,('ROLE_MYHR','m.bougri')
;
INSERT INTO user_role (role,user_username) VALUES 
('ROLE_MYPM','m.bougri')
,('ROLE_MYREPORTS','m.bougri')
,('ROLE_MYTOOLS','m.bougri')
,('ROLE_SDM','m.bougri')
,('ROLE_SDM_ADMIN','m.bougri')
,('ROLE_SDM_PM','m.bougri')
,('ROLE_WTR','m.bougri')
,('ROLE_IEXPENSE','m.bouhraoua')
,('ROLE_MYHR','m.bouhraoua')
,('ROLE_MYTOOLS','m.bouhraoua')
;
INSERT INTO user_role (role,user_username) VALUES 
('ROLE_WTR','m.bouhraoua')
,('ROLE_IEXPENSE','m.boukarache')
,('ROLE_MYHR','m.boukarache')
,('ROLE_MYTOOLS','m.boukarache')
,('ROLE_WTR','m.boukarache')
,('ROLE_IEXPENSE','m.boukdir')
,('ROLE_IFINANCE','m.boukdir')
,('ROLE_MYHR','m.boukdir')
,('ROLE_MYTOOLS','m.boukdir')
,('ROLE_WTR','m.boukdir')
;
INSERT INTO user_role (role,user_username) VALUES 
('ROLE_IBUY','m.boumehira')
,('ROLE_IEXPENSE','m.boumehira')
,('ROLE_INVOICE','m.boumehira')
,('ROLE_MYHR','m.boumehira')
,('ROLE_MYREPORTS','m.boumehira')
,('ROLE_MYTOOLS','m.boumehira')
,('ROLE_WTR','m.boumehira')
,('ROLE_IEXPENSE','m.boussetta')
,('ROLE_IFINANCE','m.boussetta')
,('ROLE_MYHR','m.boussetta')
;
INSERT INTO user_role (role,user_username) VALUES 
('ROLE_MYTOOLS','m.boussetta')
,('ROLE_WTR','m.boussetta')
,('ROLE_IEXPENSE','m.bzoune')
,('ROLE_IFINANCE','m.bzoune')
,('ROLE_MYHR','m.bzoune')
,('ROLE_MYTOOLS','m.bzoune')
,('ROLE_WTR','m.bzoune')
,('ROLE_IEXPENSE','m.chaabab')
,('ROLE_IFINANCE','m.chaabab')
,('ROLE_MYHR','m.chaabab')
;
INSERT INTO user_role (role,user_username) VALUES 
('ROLE_MYTOOLS','m.chaabab')
,('ROLE_WTR','m.chaabab')
,('ROLE_IEXPENSE','m.chajara')
,('ROLE_ILOGISTICS','m.chajara')
,('ROLE_ILOGISTICS_SE','m.chajara')
,('ROLE_ILOGISTICS_USER','m.chajara')
,('ROLE_MYHR','m.chajara')
,('ROLE_MYTOOLS','m.chajara')
,('ROLE_SDM','m.chajara')
,('ROLE_SDM_COORDINATOR','m.chajara')
;
INSERT INTO user_role (role,user_username) VALUES 
('ROLE_WTR','m.chajara')
,('ROLE_IEXPENSE','m.chibani')
,('ROLE_MYHR','m.chibani')
,('ROLE_MYTOOLS','m.chibani')
,('ROLE_WTR','m.chibani')
,('ROLE_IEXPENSE','M.chrifialaoui')
,('ROLE_MR_EXEC','M.chrifialaoui')
,('ROLE_MYHR','M.chrifialaoui')
,('ROLE_MYTOOLS','M.chrifialaoui')
,('ROLE_WTR','M.chrifialaoui')
;
INSERT INTO user_role (role,user_username) VALUES 
('ROLE_IEXPENSE','m.dekker')
,('ROLE_IFINANCE','m.dekker')
,('ROLE_MYHR','m.dekker')
,('ROLE_MYTOOLS','m.dekker')
,('ROLE_WTR','m.dekker')
,('ROLE_IEXPENSE','m.demami')
,('ROLE_MYHR','m.demami')
,('ROLE_MYTOOLS','m.demami')
,('ROLE_WTR','m.demami')
,('ROLE_IEXPENSE','m.denguir')
;
INSERT INTO user_role (role,user_username) VALUES 
('ROLE_MYHR','m.denguir')
,('ROLE_MYTOOLS','m.denguir')
,('ROLE_WTR','m.denguir')
,('ROLE_IEXPENSE','m.echchaabi')
,('ROLE_MYHR','m.echchaabi')
,('ROLE_MYTOOLS','m.echchaabi')
,('ROLE_WTR','m.echchaabi')
,('ROLE_IEXPENSE','m.echchayeb')
,('ROLE_MYHR','m.echchayeb')
,('ROLE_MYTOOLS','m.echchayeb')
;
INSERT INTO user_role (role,user_username) VALUES 
('ROLE_WTR','m.echchayeb')
,('ROLE_IEXPENSE','m.elabbassi')
,('ROLE_MYHR','m.elabbassi')
,('ROLE_MYTOOLS','m.elabbassi')
,('ROLE_WTR','m.elabbassi')
,('ROLE_IEXPENSE','m.elansari')
,('ROLE_IFINANCE','m.elansari')
,('ROLE_MYHR','m.elansari')
,('ROLE_MYTOOLS','m.elansari')
,('ROLE_WTR','m.elansari')
;
INSERT INTO user_role (role,user_username) VALUES 
('ROLE_IEXPENSE','m.elanzouli')
,('ROLE_MYHR','m.elanzouli')
,('ROLE_MYTOOLS','m.elanzouli')
,('ROLE_WTR','m.elanzouli')
,('ROLE_IEXPENSE','m.elbaggar')
,('ROLE_IFINANCE','m.elbaggar')
,('ROLE_MYHR','m.elbaggar')
,('ROLE_MYTOOLS','m.elbaggar')
,('ROLE_WTR','m.elbaggar')
,('ROLE_IEXPENSE','m.elbedrani')
;
INSERT INTO user_role (role,user_username) VALUES 
('ROLE_IFINANCE','m.elbedrani')
,('ROLE_MYHR','m.elbedrani')
,('ROLE_MYTOOLS','m.elbedrani')
,('ROLE_WTR','m.elbedrani')
,('ROLE_IEXPENSE','m.elbouanani')
,('ROLE_IFINANCE','m.elbouanani')
,('ROLE_MYHR','m.elbouanani')
,('ROLE_MYTOOLS','m.elbouanani')
,('ROLE_WTR','m.elbouanani')
,('ROLE_IEXPENSE','m.elbrhil')
;
INSERT INTO user_role (role,user_username) VALUES 
('ROLE_MYHR','m.elbrhil')
,('ROLE_MYTOOLS','m.elbrhil')
,('ROLE_WTR','m.elbrhil')
,('ROLE_IEXPENSE','m.elghaiat')
,('ROLE_MYHR','m.elghaiat')
,('ROLE_MYTOOLS','m.elghaiat')
,('ROLE_WTR','m.elghaiat')
,('ROLE_IBUY','m.elhadaoui')
,('ROLE_IEXPENSE','m.elhadaoui')
,('ROLE_INVOICE','m.elhadaoui')
;
INSERT INTO user_role (role,user_username) VALUES 
('ROLE_MR_PMA','m.elhadaoui')
,('ROLE_MT_LM','m.elhadaoui')
,('ROLE_MYHR','m.elhadaoui')
,('ROLE_MYREPORTS','m.elhadaoui')
,('ROLE_MYTOOLS','m.elhadaoui')
,('ROLE_WTR','m.elhadaoui')
,('ROLE_IEXPENSE','m.elhissani')
,('ROLE_MYHR','m.elhissani')
,('ROLE_MYTOOLS','m.elhissani')
,('ROLE_WTR','m.elhissani')
;
INSERT INTO user_role (role,user_username) VALUES 
('ROLE_IEXPENSE','m.elhouki')
,('ROLE_MYHR','m.elhouki')
,('ROLE_MYTOOLS','m.elhouki')
,('ROLE_WTR','m.elhouki')
,('ROLE_IEXPENSE','m.eljabri')
,('ROLE_IFINANCE','m.eljabri')
,('ROLE_MYHR','m.eljabri')
,('ROLE_MYTOOLS','m.eljabri')
,('ROLE_WTR','m.eljabri')
,('ROLE_IEXPENSE','m.elkahoui')
;
INSERT INTO user_role (role,user_username) VALUES 
('ROLE_MYHR','m.elkahoui')
,('ROLE_MYTOOLS','m.elkahoui')
,('ROLE_WTR','m.elkahoui')
,('ROLE_IEXPENSE','m.elkandali')
,('ROLE_MYHR','m.elkandali')
,('ROLE_MYTOOLS','m.elkandali')
,('ROLE_WTR','m.elkandali')
,('ROLE_IEXPENSE','m.elkeltoumi')
,('ROLE_IFINANCE','m.elkeltoumi')
,('ROLE_MYHR','m.elkeltoumi')
;
INSERT INTO user_role (role,user_username) VALUES 
('ROLE_MYTOOLS','m.elkeltoumi')
,('ROLE_WTR','m.elkeltoumi')
,('ROLE_IEXPENSE','m.elkhatib')
,('ROLE_MYHR','m.elkhatib')
,('ROLE_MYTOOLS','m.elkhatib')
,('ROLE_WTR','m.elkhatib')
,('ROLE_WTR','m.elmarbouh')
,('ROLE_IEXPENSE','m.elmchanaq')
,('ROLE_MYHR','m.elmchanaq')
,('ROLE_MYTOOLS','m.elmchanaq')
;
INSERT INTO user_role (role,user_username) VALUES 
('ROLE_WTR','m.elmchanaq')
,('ROLE_IEXPENSE','m.elmorabiti')
,('ROLE_MYHR','m.elmorabiti')
,('ROLE_MYTOOLS','m.elmorabiti')
,('ROLE_WTR','m.elmorabiti')
,('ROLE_IEXPENSE','m.elmouddene')
,('ROLE_IFINANCE','m.elmouddene')
,('ROLE_MYHR','m.elmouddene')
,('ROLE_MYTOOLS','m.elmouddene')
,('ROLE_WTR','m.elmouddene')
;
INSERT INTO user_role (role,user_username) VALUES 
('ROLE_WTR','m.ennaciri')
,('ROLE_IEXPENSE','m.fadil')
,('ROLE_MYHR','m.fadil')
,('ROLE_MYTOOLS','m.fadil')
,('ROLE_WTR','m.fadil')
,('ROLE_IEXPENSE','m.fannane')
,('ROLE_IFINANCE','m.fannane')
,('ROLE_ILOGISTICS','m.fannane')
,('ROLE_ILOGISTICS_USER','m.fannane')
,('ROLE_MYHR','m.fannane')
;
INSERT INTO user_role (role,user_username) VALUES 
('ROLE_MYTOOLS','m.fannane')
,('ROLE_WTR','m.fannane')
,('ROLE_IEXPENSE','m.faouzi')
,('ROLE_IFINANCE','m.faouzi')
,('ROLE_MYHR','m.faouzi')
,('ROLE_MYTOOLS','m.faouzi')
,('ROLE_WTR','m.faouzi')
,('ROLE_IEXPENSE','m.fejjaji')
,('ROLE_IFINANCE','m.fejjaji')
,('ROLE_MYHR','m.fejjaji')
;
INSERT INTO user_role (role,user_username) VALUES 
('ROLE_MYTOOLS','m.fejjaji')
,('ROLE_WTR','m.fejjaji')
,('ROLE_IEXPENSE','m.ferhane')
,('ROLE_ILOGISTICS','m.ferhane')
,('ROLE_ILOGISTICS_SE','m.ferhane')
,('ROLE_ILOGISTICS_USER','m.ferhane')
,('ROLE_MYHR','m.ferhane')
,('ROLE_MYTOOLS','m.ferhane')
,('ROLE_WTR','m.ferhane')
,('ROLE_MYTOOLS','m.fernandez')
;
INSERT INTO user_role (role,user_username) VALUES 
('ROLE_WTR','m.fernandez')
,('ROLE_WTR','m.fodil')
,('ROLE_IEXPENSE','m.founass')
,('ROLE_IFINANCE','m.founass')
,('ROLE_MYHR','m.founass')
,('ROLE_MYTOOLS','m.founass')
,('ROLE_WTR','m.founass')
,('ROLE_IBUY','m.ghanim')
,('ROLE_IEXPENSE','m.ghanim')
,('ROLE_IFINANCE','m.ghanim')
;
INSERT INTO user_role (role,user_username) VALUES 
('ROLE_ILOGISTICS','m.ghanim')
,('ROLE_INVOICE','m.ghanim')
,('ROLE_MYHR','m.ghanim')
,('ROLE_MYREPORTS','m.ghanim')
,('ROLE_MYTOOLS','m.ghanim')
,('ROLE_WTR','m.ghanim')
,('ROLE_IEXPENSE','m.hajji')
,('ROLE_MYHR','m.hajji')
,('ROLE_MYTOOLS','m.hajji')
,('ROLE_WTR','m.hajji')
;
INSERT INTO user_role (role,user_username) VALUES 
('ROLE_WTR','m.hammache')
,('ROLE_IEXPENSE','m.hammmou')
,('ROLE_MYHR','m.hammmou')
,('ROLE_MYTOOLS','m.hammmou')
,('ROLE_WTR','m.hammmou')
,('ROLE_IEXPENSE','m.hanaf')
,('ROLE_IFINANCE','m.hanaf')
,('ROLE_MYHR','m.hanaf')
,('ROLE_MYTOOLS','m.hanaf')
,('ROLE_WTR','m.hanaf')
;
INSERT INTO user_role (role,user_username) VALUES 
('ROLE_IEXPENSE','m.hardizi')
,('ROLE_IFINANCE','m.hardizi')
,('ROLE_MYHR','m.hardizi')
,('ROLE_MYTOOLS','m.hardizi')
,('ROLE_WTR','m.hardizi')
,('ROLE_IEXPENSE','m.houchaimi')
,('ROLE_MYHR','m.houchaimi')
,('ROLE_MYTOOLS','m.houchaimi')
,('ROLE_WTR','m.houchaimi')
,('ROLE_IEXPENSE','m.ibnabbou')
;
INSERT INTO user_role (role,user_username) VALUES 
('ROLE_IFINANCE','m.ibnabbou')
,('ROLE_MYHR','m.ibnabbou')
,('ROLE_MYTOOLS','m.ibnabbou')
,('ROLE_WTR','m.ibnabbou')
,('ROLE_WTR','m.ibrahimi')
,('ROLE_IEXPENSE','m.iraqi')
,('ROLE_IFINANCE','m.iraqi')
,('ROLE_MYHR','m.iraqi')
,('ROLE_MYTOOLS','m.iraqi')
,('ROLE_WTR','m.iraqi')
;
INSERT INTO user_role (role,user_username) VALUES 
('ROLE_ILOGISTICS_ADMIN','m.izallalen')
,('ROLE_ILOGISTICS_PM','m.izallalen')
,('ROLE_MR_PM','m.izallalen')
,('ROLE_MT_ADMIN','m.izallalen')
,('ROLE_MYREPORTS','m.izallalen')
,('ROLE_WTR','m.izerahne')
,('ROLE_IEXPENSE','m.jbilou')
,('ROLE_MYHR','m.jbilou')
,('ROLE_MYTOOLS','m.jbilou')
,('ROLE_WTR','m.jbilou')
;
INSERT INTO user_role (role,user_username) VALUES 
('ROLE_IEXPENSE','m.jematte ')
,('ROLE_INVOICE','m.jematte ')
,('ROLE_MYHR','m.jematte ')
,('ROLE_MYTOOLS','m.jematte ')
,('ROLE_WTR','m.jematte ')
,('ROLE_IEXPENSE','m.jikouni')
,('ROLE_MYHR','m.jikouni')
,('ROLE_MYTOOLS','m.jikouni')
,('ROLE_WTR','m.jikouni')
,('ROLE_IEXPENSE','m.kamarzaman')
;
INSERT INTO user_role (role,user_username) VALUES 
('ROLE_MYHR','m.kamarzaman')
,('ROLE_MYTOOLS','m.kamarzaman')
,('ROLE_WTR','m.kamarzaman')
,('ROLE_IEXPENSE','m.kamil')
,('ROLE_IFINANCE','m.kamil')
,('ROLE_ILOGISTICS','m.kamil')
,('ROLE_ILOGISTICS_SE','m.kamil')
,('ROLE_ILOGISTICS_USER','m.kamil')
,('ROLE_MYHR','m.kamil')
,('ROLE_MYTOOLS','m.kamil')
;
INSERT INTO user_role (role,user_username) VALUES 
('ROLE_WTR','m.kamil')
,('ROLE_IEXPENSE','m.kasra')
,('ROLE_MYHR','m.kasra')
,('ROLE_MYTOOLS','m.kasra')
,('ROLE_WTR','m.kasra')
,('ROLE_IEXPENSE','m.kenitri')
,('ROLE_IFINANCE','m.kenitri')
,('ROLE_MYHR','m.kenitri')
,('ROLE_MYTOOLS','m.kenitri')
,('ROLE_WTR','m.kenitri')
;
INSERT INTO user_role (role,user_username) VALUES 
('ROLE_WTR','m.kerfah')
,('ROLE_IEXPENSE','m.khalek')
,('ROLE_MYHR','m.khalek')
,('ROLE_MYTOOLS','m.khalek')
,('ROLE_WTR','m.khalek')
,('ROLE_IEXPENSE','m.khallouk')
,('ROLE_MYHR','m.khallouk')
,('ROLE_MYTOOLS','m.khallouk')
,('ROLE_WTR','m.khallouk')
,('ROLE_IEXPENSE','m.khouadir')
;
INSERT INTO user_role (role,user_username) VALUES 
('ROLE_MYHR','m.khouadir')
,('ROLE_MYTOOLS','m.khouadir')
,('ROLE_WTR','m.khouadir')
,('ROLE_IBUY','m.khrouf ')
,('ROLE_MR_LOB','m.khrouf ')
,('ROLE_MT_LM','m.khrouf ')
,('ROLE_MYPM','m.khrouf ')
,('ROLE_WTR','m.khrouf ')
,('ROLE_IBUY','m.lakhal')
,('ROLE_IFINANCE','m.lakhal')
;
INSERT INTO user_role (role,user_username) VALUES 
('ROLE_MYPM','m.lakhal')
,('ROLE_MYTOOLS','m.lakhal')
,('ROLE_WTR','m.lakhal')
,('ROLE_IEXPENSE','m.lakhdar')
,('ROLE_MYHR','m.lakhdar')
,('ROLE_MYTOOLS','m.lakhdar')
,('ROLE_WTR','m.lakhdar')
,('ROLE_IEXPENSE','m.lamharess')
,('ROLE_IFINANCE','m.lamharess')
,('ROLE_MYHR','m.lamharess')
;
INSERT INTO user_role (role,user_username) VALUES 
('ROLE_MYTOOLS','m.lamharess')
,('ROLE_WTR','m.lamharess')
,('ROLE_IEXPENSE','m.lamim')
,('ROLE_IFINANCE','m.lamim')
,('ROLE_MYHR','m.lamim')
,('ROLE_MYTOOLS','m.lamim')
,('ROLE_WTR','m.lamim')
,('ROLE_IEXPENSE','m.lamri')
,('ROLE_IFINANCE','m.lamri')
,('ROLE_MYHR','m.lamri')
;
INSERT INTO user_role (role,user_username) VALUES 
('ROLE_MYTOOLS','m.lamri')
,('ROLE_WTR','m.lamri')
,('ROLE_IBUY','m.laouad')
,('ROLE_IEXPENSE','m.laouad')
,('ROLE_INVOICE','m.laouad')
,('ROLE_MR_PM','m.laouad')
,('ROLE_MYHR','m.laouad')
,('ROLE_MYPM','m.laouad')
,('ROLE_MYTOOLS','m.laouad')
,('ROLE_WTR','m.laouad')
;
INSERT INTO user_role (role,user_username) VALUES 
('ROLE_MYTOOLS','m.laoutaya')
,('ROLE_WTR','m.laoutaya')
,('ROLE_IEXPENSE','m.lazrak')
,('ROLE_IFINANCE','m.lazrak')
,('ROLE_MYHR','m.lazrak')
,('ROLE_MYTOOLS','m.lazrak')
,('ROLE_WTR','m.lazrak')
,('ROLE_WTR','m.lichari')
,('ROLE_IEXPENSE','m.maachou')
,('ROLE_MYHR','m.maachou')
;
INSERT INTO user_role (role,user_username) VALUES 
('ROLE_MYTOOLS','m.maachou')
,('ROLE_WTR','m.maachou')
,('ROLE_IEXPENSE','m.mahri')
,('ROLE_IFINANCE','m.mahri')
,('ROLE_MYHR','m.mahri')
,('ROLE_MYTOOLS','m.mahri')
,('ROLE_WTR','m.mahri')
,('ROLE_IEXPENSE','m.majidi')
,('ROLE_IFINANCE','m.majidi')
,('ROLE_MYHR','m.majidi')
;
INSERT INTO user_role (role,user_username) VALUES 
('ROLE_MYTOOLS','m.majidi')
,('ROLE_WTR','m.majidi')
,('ROLE_IEXPENSE','m.mchaar')
,('ROLE_MYHR','m.mchaar')
,('ROLE_MYTOOLS','m.mchaar')
,('ROLE_WTR','m.mchaar')
,('ROLE_IEXPENSE','m.mehenni')
,('ROLE_MYHR','m.mehenni')
,('ROLE_MYTOOLS','m.mehenni')
,('ROLE_WTR','m.mehenni')
;
INSERT INTO user_role (role,user_username) VALUES 
('ROLE_IEXPENSE','m.mejd')
,('ROLE_ILOGISTICS','m.mejd')
,('ROLE_ILOGISTICS_SE','m.mejd')
,('ROLE_MYHR','m.mejd')
,('ROLE_MYTOOLS','m.mejd')
,('ROLE_SDM','m.mejd')
,('ROLE_SDM_ASSISTANT','m.mejd')
,('ROLE_SDM_COORDINATOR','m.mejd')
,('ROLE_WTR','m.mejd')
,('ROLE_IEXPENSE','m.meskini')
;
INSERT INTO user_role (role,user_username) VALUES 
('ROLE_IFINANCE','m.meskini')
,('ROLE_MYHR','m.meskini')
,('ROLE_MYTOOLS','m.meskini')
,('ROLE_SDM','m.meskini')
,('ROLE_SDM_COORDINATOR','m.meskini')
,('ROLE_SDM_PM','m.meskini')
,('ROLE_WTR','m.meskini')
,('ROLE_WTR','m.mesri')
,('ROLE_WTR','m.messaoudi')
,('ROLE_IEXPENSE','m.miftah')
;
INSERT INTO user_role (role,user_username) VALUES 
('ROLE_IFINANCE','m.miftah')
,('ROLE_MYHR','m.miftah')
,('ROLE_MYTOOLS','m.miftah')
,('ROLE_WTR','m.miftah')
,('ROLE_IEXPENSE','m.mili')
,('ROLE_IFINANCE','m.mili')
,('ROLE_MYHR','m.mili')
,('ROLE_MYTOOLS','m.mili')
,('ROLE_WTR','m.mili')
,('ROLE_IEXPENSE','m.moubarki')
;
INSERT INTO user_role (role,user_username) VALUES 
('ROLE_MYHR','m.moubarki')
,('ROLE_MYTOOLS','m.moubarki')
,('ROLE_WTR','m.moubarki')
,('ROLE_IEXPENSE','m.moubsit')
,('ROLE_MYHR','m.moubsit')
,('ROLE_MYTOOLS','m.moubsit')
,('ROLE_WTR','m.moubsit')
,('ROLE_IEXPENSE','m.moumen')
,('ROLE_MYHR','m.moumen')
,('ROLE_MYTOOLS','m.moumen')
;
INSERT INTO user_role (role,user_username) VALUES 
('ROLE_WTR','m.moumen')
,('ROLE_IEXPENSE','m.mourchid')
,('ROLE_MYHR','m.mourchid')
,('ROLE_MYTOOLS','m.mourchid')
,('ROLE_WTR','m.mourchid')
,('ROLE_IEXPENSE','m.oaissa')
,('ROLE_MYHR','m.oaissa')
,('ROLE_MYTOOLS','m.oaissa')
,('ROLE_WTR','m.oaissa')
,('ROLE_IEXPENSE','m.ouafki')
;
INSERT INTO user_role (role,user_username) VALUES 
('ROLE_MYHR','m.ouafki')
,('ROLE_MYTOOLS','m.ouafki')
,('ROLE_WTR','m.ouafki')
,('ROLE_IEXPENSE','m.ouakib')
,('ROLE_MYHR','m.ouakib')
,('ROLE_MYTOOLS','m.ouakib')
,('ROLE_WTR','m.ouakib')
,('ROLE_WTR','m.ouldchikh')
,('ROLE_IEXPENSE','m.ourahou')
,('ROLE_MYHR','m.ourahou')
;
INSERT INTO user_role (role,user_username) VALUES 
('ROLE_MYTOOLS','m.ourahou')
,('ROLE_WTR','m.ourahou')
,('ROLE_IEXPENSE','m.ousrhir')
,('ROLE_MYHR','m.ousrhir')
,('ROLE_MYTOOLS','m.ousrhir')
,('ROLE_WTR','m.ousrhir')
,('ROLE_IEXPENSE','m.outrgua')
,('ROLE_IFINANCE','m.outrgua')
,('ROLE_MYHR','m.outrgua')
,('ROLE_MYTOOLS','m.outrgua')
;
INSERT INTO user_role (role,user_username) VALUES 
('ROLE_WTR','m.outrgua')
,('ROLE_WTR','m.rahmani')
,('ROLE_WTR','m.rais')
,('ROLE_IEXPENSE','m.ramadan')
,('ROLE_MYHR','m.ramadan')
,('ROLE_MYTOOLS','m.ramadan')
,('ROLE_WTR','m.ramadan')
,('ROLE_IEXPENSE','m.rammah')
,('ROLE_IFINANCE','m.rammah')
,('ROLE_MYHR','m.rammah')
;
INSERT INTO user_role (role,user_username) VALUES 
('ROLE_MYTOOLS','m.rammah')
,('ROLE_WTR','m.rammah')
,('ROLE_IEXPENSE','m.regragui')
,('ROLE_IFINANCE','m.regragui')
,('ROLE_MYHR','m.regragui')
,('ROLE_MYTOOLS','m.regragui')
,('ROLE_WTR','m.regragui')
,('ROLE_IEXPENSE','m.rgaguena')
,('ROLE_MYHR','m.rgaguena')
,('ROLE_MYTOOLS','m.rgaguena')
;
INSERT INTO user_role (role,user_username) VALUES 
('ROLE_WTR','m.rgaguena')
,('ROLE_IEXPENSE','m.sabar')
,('ROLE_IFINANCE','m.sabar')
,('ROLE_MYHR','m.sabar')
,('ROLE_MYTOOLS','m.sabar')
,('ROLE_WTR','m.sabar')
,('ROLE_IEXPENSE','m.sabhi')
,('ROLE_MYHR','m.sabhi')
,('ROLE_MYTOOLS','m.sabhi')
,('ROLE_WTR','m.sabhi')
;
INSERT INTO user_role (role,user_username) VALUES 
('ROLE_IEXPENSE','m.sabir')
,('ROLE_IFINANCE','m.sabir')
,('ROLE_MYHR','m.sabir')
,('ROLE_MYTOOLS','m.sabir')
,('ROLE_WTR','m.sabir')
,('ROLE_IEXPENSE','m.salam')
,('ROLE_IFINANCE','m.salam')
,('ROLE_MYHR','m.salam')
,('ROLE_MYTOOLS','m.salam')
,('ROLE_WTR','m.salam')
;
INSERT INTO user_role (role,user_username) VALUES 
('ROLE_IEXPENSE','m.sangai')
,('ROLE_IEXPENSE','m.sania')
,('ROLE_MYHR','m.sania')
,('ROLE_MYTOOLS','m.sania')
,('ROLE_WTR','m.sania')
,('ROLE_WTR','m.sbais')
,('ROLE_IEXPENSE','m.sebbar')
,('ROLE_IFINANCE','m.sebbar')
,('ROLE_MYHR','m.sebbar')
,('ROLE_MYTOOLS','m.sebbar')
;
INSERT INTO user_role (role,user_username) VALUES 
('ROLE_WTR','m.sebbar')
,('ROLE_IEXPENSE','m.segten')
,('ROLE_IFINANCE','m.segten')
,('ROLE_MYHR','m.segten')
,('ROLE_MYTOOLS','m.segten')
,('ROLE_WTR','m.segten')
,('ROLE_IEXPENSE','m.sekkour')
,('ROLE_IFINANCE','m.sekkour')
,('ROLE_ILOGISTICS','m.sekkour')
,('ROLE_MYHR','m.sekkour')
;
INSERT INTO user_role (role,user_username) VALUES 
('ROLE_MYTOOLS','m.sekkour')
,('ROLE_WTR','m.sekkour')
,('ROLE_IBUY','m.slimani')
,('ROLE_MR_PM','m.slimani')
,('ROLE_MYTOOLS','m.slimani')
,('ROLE_WTR','m.slimani')
,('ROLE_WTR','m.souat')
,('ROLE_WTR','m.tabta')
,('ROLE_IEXPENSE','m.tagadirt')
,('ROLE_MYHR','m.tagadirt')
;
INSERT INTO user_role (role,user_username) VALUES 
('ROLE_MYTOOLS','m.tagadirt')
,('ROLE_WTR','m.tagadirt')
,('ROLE_IEXPENSE','m.talbi')
,('ROLE_IFINANCE','m.talbi')
,('ROLE_MYHR','m.talbi')
,('ROLE_MYTOOLS','m.talbi')
,('ROLE_WTR','m.talbi')
,('ROLE_WTR','m.tebari')
,('ROLE_IEXPENSE','m.tejaj')
,('ROLE_MYHR','m.tejaj')
;
INSERT INTO user_role (role,user_username) VALUES 
('ROLE_MYTOOLS','m.tejaj')
,('ROLE_WTR','m.tejaj')
,('ROLE_IEXPENSE','m.tijani')
,('ROLE_IFINANCE','m.tijani')
,('ROLE_MYHR','m.tijani')
,('ROLE_MYTOOLS','m.tijani')
,('ROLE_WTR','m.tijani')
,('ROLE_IEXPENSE','m.touileb')
,('ROLE_IFINANCE','m.touileb')
,('ROLE_MYHR','m.touileb')
;
INSERT INTO user_role (role,user_username) VALUES 
('ROLE_MYTOOLS','m.touileb')
,('ROLE_WTR','m.touileb')
,('ROLE_IEXPENSE','m.toutou')
,('ROLE_INVOICE','m.toutou')
,('ROLE_MR_PMA','m.toutou')
,('ROLE_MYHR','m.toutou')
,('ROLE_MYREPORTS','m.toutou')
,('ROLE_MYTOOLS','m.toutou')
,('ROLE_WTR','m.toutou')
,('ROLE_WTR','m.tsouri')
;
INSERT INTO user_role (role,user_username) VALUES 
('ROLE_WTR','m.walhcine')
,('ROLE_IEXPENSE','m.ward')
,('ROLE_MYHR','m.ward')
,('ROLE_MYTOOLS','m.ward')
,('ROLE_WTR','m.ward')
,('ROLE_WTR','m.zahiduzzaman')
,('ROLE_WTR','m.zarbane')
,('ROLE_IEXPENSE','m.zarrouki')
,('ROLE_IFINANCE','m.zarrouki')
,('ROLE_MYHR','m.zarrouki')
;
INSERT INTO user_role (role,user_username) VALUES 
('ROLE_MYTOOLS','m.zarrouki')
,('ROLE_WTR','m.zarrouki')
,('ROLE_IEXPENSE','m.zebda')
,('ROLE_MYHR','m.zebda')
,('ROLE_MYTOOLS','m.zebda')
,('ROLE_WTR','m.zebda')
,('ROLE_IEXPENSE','m.zouitni')
,('ROLE_IFINANCE','m.zouitni')
,('ROLE_MYHR','m.zouitni')
,('ROLE_MYTOOLS','m.zouitni')
;
INSERT INTO user_role (role,user_username) VALUES 
('ROLE_WTR','m.zouitni')
,('ROLE_IEXPENSE','mo.ousrhir')
,('ROLE_MYHR','mo.ousrhir')
,('ROLE_MYTOOLS','mo.ousrhir')
,('ROLE_WTR','mo.ousrhir')
,('ROLE_IEXPENSE','n.aariba')
,('ROLE_IFINANCE','n.aariba')
,('ROLE_MYHR','n.aariba')
,('ROLE_MYTOOLS','n.aariba')
,('ROLE_WTR','n.aariba')
;
INSERT INTO user_role (role,user_username) VALUES 
('ROLE_IEXPENSE','n.aithkki')
,('ROLE_IFINANCE','n.aithkki')
,('ROLE_MYHR','n.aithkki')
,('ROLE_MYTOOLS','n.aithkki')
,('ROLE_WTR','n.aithkki')
,('ROLE_MYTOOLS','n.aitmellouk')
,('ROLE_WTR','n.aitmellouk')
,('ROLE_IEXPENSE','n.askour')
,('ROLE_IFINANCE','n.askour')
,('ROLE_MYHR','n.askour')
;
INSERT INTO user_role (role,user_username) VALUES 
('ROLE_MYTOOLS','n.askour')
,('ROLE_WTR','n.askour')
,('ROLE_IEXPENSE','n.bahar')
,('ROLE_MYHR','n.bahar')
,('ROLE_MYTOOLS','n.bahar')
,('ROLE_WTR','n.bahar')
,('ROLE_IEXPENSE','n.belahrach')
,('ROLE_MYHR','n.belahrach')
,('ROLE_MYTOOLS','n.belahrach')
,('ROLE_WTR','n.belahrach')
;
INSERT INTO user_role (role,user_username) VALUES 
('ROLE_IEXPENSE','n.belhachmi')
,('ROLE_IFINANCE','n.belhachmi')
,('ROLE_MYHR','n.belhachmi')
,('ROLE_MYTOOLS','n.belhachmi')
,('ROLE_WTR','n.belhachmi')
,('ROLE_MYHR','n.benabbad')
,('ROLE_MYTOOLS','n.benabbad')
,('ROLE_WTR','n.benabbad')
,('IFINANCE_USER','n.Chikhaoui')
,('ROLE_IBUY','n.Chikhaoui')
;
INSERT INTO user_role (role,user_username) VALUES 
('ROLE_IEXPENSE','n.Chikhaoui')
,('ROLE_IFINANCE','n.Chikhaoui')
,('ROLE_ILOGISTICS','n.Chikhaoui')
,('ROLE_ILOGISTICS_USER','n.Chikhaoui')
,('ROLE_INVOICE','n.Chikhaoui')
,('ROLE_MR_KAM','n.Chikhaoui')
,('ROLE_MT_LM','n.Chikhaoui')
,('ROLE_MYHR','n.Chikhaoui')
,('ROLE_MYREPORTS','n.Chikhaoui')
,('ROLE_MYTOOLS','n.Chikhaoui')
;
INSERT INTO user_role (role,user_username) VALUES 
('ROLE_WTR','n.Chikhaoui')
,('ROLE_IEXPENSE','n.darfouf')
,('ROLE_IFINANCE','n.darfouf')
,('ROLE_MYHR','n.darfouf')
,('ROLE_MYTOOLS','n.darfouf')
,('ROLE_WTR','n.darfouf')
,('ROLE_IEXPENSE','n.echchaabi')
,('ROLE_IFINANCE','n.echchaabi')
,('ROLE_MYHR','n.echchaabi')
,('ROLE_MYTOOLS','n.echchaabi')
;
INSERT INTO user_role (role,user_username) VALUES 
('ROLE_WTR','n.echchaabi')
,('ROLE_IEXPENSE','n.elbouhsaini')
,('ROLE_IFINANCE','n.elbouhsaini')
,('ROLE_MYHR','n.elbouhsaini')
,('ROLE_MYTOOLS','n.elbouhsaini')
,('ROLE_WTR','n.elbouhsaini')
,('ROLE_IEXPENSE','n.elkhadiri')
,('ROLE_MYHR','n.elkhadiri')
,('ROLE_MYTOOLS','n.elkhadiri')
,('ROLE_WTR','n.elkhadiri')
;
INSERT INTO user_role (role,user_username) VALUES 
('ROLE_IEXPENSE','n.fadil')
,('ROLE_IFINANCE','n.fadil')
,('ROLE_MYHR','n.fadil')
,('ROLE_MYTOOLS','n.fadil')
,('ROLE_WTR','n.fadil')
,('ROLE_WTR','n.gourrami')
,('ROLE_WTR','n.hamza')
,('ROLE_IEXPENSE','n.hoummane')
,('ROLE_MYHR','n.hoummane')
,('ROLE_MYTOOLS','n.hoummane')
;
INSERT INTO user_role (role,user_username) VALUES 
('ROLE_WTR','n.hoummane')
,('ROLE_IEXPENSE','n.ighil')
,('ROLE_MYHR','n.ighil')
,('ROLE_MYTOOLS','n.ighil')
,('ROLE_WTR','n.ighil')
,('ROLE_IBUY','n.ikji')
,('ROLE_IEXPENSE','n.ikji')
,('ROLE_IFINANCE','n.ikji')
,('ROLE_MYHR','n.ikji')
,('ROLE_MYTOOLS','n.ikji')
;
INSERT INTO user_role (role,user_username) VALUES 
('ROLE_WTR','n.ikji')
,('ROLE_WTR','n.koriba')
,('ROLE_IBUY','n.laggoune')
,('ROLE_MR_PM','n.laggoune')
,('ROLE_MT_LM','n.laggoune')
,('ROLE_WTR','n.laggoune')
,('ROLE_IEXPENSE','n.loutfi')
,('ROLE_MYHR','n.loutfi')
,('ROLE_MYTOOLS','n.loutfi')
,('ROLE_WTR','n.loutfi')
;
INSERT INTO user_role (role,user_username) VALUES 
('ROLE_IEXPENSE','n.mansouri')
,('ROLE_IFINANCE','n.mansouri')
,('ROLE_MYHR','n.mansouri')
,('ROLE_MYTOOLS','n.mansouri')
,('ROLE_WTR','n.mansouri')
,('ROLE_PM','n.medkour')
,('ROLE_WTR','n.medkour')
,('ROLE_IBUY','n.saidi')
,('ROLE_IEXPENSE','n.saidi')
,('ROLE_INVOICE','n.saidi')
;
INSERT INTO user_role (role,user_username) VALUES 
('ROLE_MR_EXEC','n.saidi')
,('ROLE_MT_LM','n.saidi')
,('ROLE_MYHR','n.saidi')
,('ROLE_MYREPORTS','n.saidi')
,('ROLE_MYTOOLS','n.saidi')
,('ROLE_WTR','n.saidi')
,('ROLE_IEXPENSE','n.sattari')
,('ROLE_IFINANCE','n.sattari')
,('ROLE_MYHR','n.sattari')
,('ROLE_MYTOOLS','n.sattari')
;
INSERT INTO user_role (role,user_username) VALUES 
('ROLE_WTR','n.sattari')
,('ROLE_IEXPENSE','n.sbai')
,('ROLE_MYHR','n.sbai')
,('ROLE_MYTOOLS','n.sbai')
,('ROLE_WTR','n.sbai')
,('ROLE_WTR','n.youha')
,('ROLE_IEXPENSE','n.zahiri')
,('ROLE_IFINANCE','n.zahiri')
,('ROLE_MYHR','n.zahiri')
,('ROLE_MYTOOLS','n.zahiri')
;
INSERT INTO user_role (role,user_username) VALUES 
('ROLE_WTR','n.zahiri')
,('ROLE_IEXPENSE','n.zllay')
,('ROLE_IFINANCE','n.zllay')
,('ROLE_MYHR','n.zllay')
,('ROLE_MYTOOLS','n.zllay')
,('ROLE_WTR','n.zllay')
,('ROLE_WTR','n.zouaid')
,('ROLE_IEXPENSE','o.aantri')
,('ROLE_MYHR','o.aantri')
,('ROLE_MYTOOLS','o.aantri')
;
INSERT INTO user_role (role,user_username) VALUES 
('ROLE_WTR','o.aantri')
,('ROLE_IEXPENSE','o.aitmbarek')
,('ROLE_IFINANCE','o.aitmbarek')
,('ROLE_MYHR','o.aitmbarek')
,('ROLE_MYTOOLS','o.aitmbarek')
,('ROLE_WTR','o.aitmbarek')
,('ROLE_IEXPENSE','o.benali')
,('ROLE_MYHR','o.benali')
,('ROLE_MYTOOLS','o.benali')
,('ROLE_WTR','o.benali')
;
INSERT INTO user_role (role,user_username) VALUES 
('ROLE_IEXPENSE','o.boujaddaine')
,('ROLE_MYHR','o.boujaddaine')
,('ROLE_MYTOOLS','o.boujaddaine')
,('ROLE_WTR','o.boujaddaine')
,('ROLE_IEXPENSE','o.boujida')
,('ROLE_IFINANCE','o.boujida')
,('ROLE_MYHR','o.boujida')
,('ROLE_MYTOOLS','o.boujida')
,('ROLE_WTR','o.boujida')
,('ROLE_IEXPENSE','o.boukhari')
;
INSERT INTO user_role (role,user_username) VALUES 
('ROLE_IFINANCE','o.boukhari')
,('ROLE_MYHR','o.boukhari')
,('ROLE_MYTOOLS','o.boukhari')
,('ROLE_WTR','o.boukhari')
,('ROLE_IEXPENSE','o.boumaaize')
,('ROLE_IFINANCE','o.boumaaize')
,('ROLE_MYHR','o.boumaaize')
,('ROLE_MYTOOLS','o.boumaaize')
,('ROLE_WTR','o.boumaaize')
,('ROLE_IEXPENSE','o.chaibamar')
;
INSERT INTO user_role (role,user_username) VALUES 
('ROLE_MYHR','o.chaibamar')
,('ROLE_MYTOOLS','o.chaibamar')
,('ROLE_WTR','o.chaibamar')
,('ROLE_IEXPENSE','o.charra')
,('ROLE_MYHR','o.charra')
,('ROLE_MYTOOLS','o.charra')
,('ROLE_WTR','o.charra')
,('ROLE_IEXPENSE','o.eljabri')
,('ROLE_MYHR','o.eljabri')
,('ROLE_MYTOOLS','o.eljabri')
;
INSERT INTO user_role (role,user_username) VALUES 
('ROLE_WTR','o.eljabri')
,('ROLE_IEXPENSE','o.elkouchi')
,('ROLE_MYHR','o.elkouchi')
,('ROLE_MYTOOLS','o.elkouchi')
,('ROLE_WTR','o.elkouchi')
,('ROLE_IEXPENSE','o.errguita')
,('ROLE_MYHR','o.errguita')
,('ROLE_MYTOOLS','o.errguita')
,('ROLE_WTR','o.errguita')
,('ROLE_IEXPENSE','o.fares')
;
INSERT INTO user_role (role,user_username) VALUES 
('ROLE_IFINANCE','o.fares')
,('ROLE_ILOGISTICS','o.fares')
,('ROLE_ILOGISTICS_PM','o.fares')
,('ROLE_ILOGISTICS_SE','o.fares')
,('ROLE_ILOGISTICS_USER','o.fares')
,('ROLE_MYHR','o.fares')
,('ROLE_MYTOOLS','o.fares')
,('ROLE_WTR','o.fares')
,('ROLE_MR_EXEC','o.gamrane')
,('ROLE_MYPM','o.gamrane')
;
INSERT INTO user_role (role,user_username) VALUES 
('ROLE_PM','o.gamrane')
,('ROLE_WTR','o.gamrane')
,('ROLE_IEXPENSE','o.harchi')
,('ROLE_MYHR','o.harchi')
,('ROLE_MYTOOLS','o.harchi')
,('ROLE_WTR','o.harchi')
,('ROLE_IEXPENSE','o.hennach')
,('ROLE_IFINANCE','o.hennach')
,('ROLE_MYHR','o.hennach')
,('ROLE_MYTOOLS','o.hennach')
;
INSERT INTO user_role (role,user_username) VALUES 
('ROLE_WTR','o.hennach')
,('ROLE_IEXPENSE','o.jadir')
,('ROLE_MYHR','o.jadir')
,('ROLE_MYTOOLS','o.jadir')
,('ROLE_WTR','o.jadir')
,('ROLE_IEXPENSE','o.khatib ')
,('ROLE_MYHR','o.khatib ')
,('ROLE_MYTOOLS','o.khatib ')
,('ROLE_WTR','o.khatib ')
,('ROLE_IEXPENSE','o.kouriba')
;
INSERT INTO user_role (role,user_username) VALUES 
('ROLE_MYHR','o.kouriba')
,('ROLE_MYTOOLS','o.kouriba')
,('ROLE_WTR','o.kouriba')
,('IFINANCE_BS','o.lazrak')
,('IFINANCE_USER','o.lazrak')
,('ROLE_IBUY','o.lazrak')
,('ROLE_IEXPENSE','o.lazrak')
,('ROLE_IFINANCE','o.lazrak')
,('ROLE_MYHR','o.lazrak')
,('ROLE_MYTOOLS','o.lazrak')
;
INSERT INTO user_role (role,user_username) VALUES 
('ROLE_WTR','o.lazrak')
,('ROLE_IEXPENSE','o.lekhnate')
,('ROLE_MYHR','o.lekhnate')
,('ROLE_MYTOOLS','o.lekhnate')
,('ROLE_WTR','o.lekhnate')
,('ROLE_IEXPENSE','o.mahtat')
,('ROLE_IFINANCE','o.mahtat')
,('ROLE_MYHR','o.mahtat')
,('ROLE_MYTOOLS','o.mahtat')
,('ROLE_WTR','o.mahtat')
;
INSERT INTO user_role (role,user_username) VALUES 
('ROLE_MYHR','o.ouarrache')
,('ROLE_MYTOOLS','o.ouarrache')
,('ROLE_WTR','o.ouarrache')
,('ROLE_WTR','o.ouassa')
,('ROLE_IEXPENSE','o.qarbal')
,('ROLE_IFINANCE','o.qarbal')
,('ROLE_MYHR','o.qarbal')
,('ROLE_MYTOOLS','o.qarbal')
,('ROLE_WTR','o.qarbal')
,('ROLE_IEXPENSE','o.rahim')
;
INSERT INTO user_role (role,user_username) VALUES 
('ROLE_IFINANCE','o.rahim')
,('ROLE_MYHR','o.rahim')
,('ROLE_MYTOOLS','o.rahim')
,('ROLE_WTR','o.rahim')
,('ROLE_HR_INSSURANCE','o.rahmani')
,('ROLE_WTR','o.rahmani')
,('ROLE_WTR','o.selmoune')
,('ROLE_WTR','o.taleb')
,('ROLE_IEXPENSE','r.assaf')
,('ROLE_IFINANCE','r.assaf')
;
INSERT INTO user_role (role,user_username) VALUES 
('ROLE_MYHR','r.assaf')
,('ROLE_MYTOOLS','r.assaf')
,('ROLE_WTR','r.assaf')
,('ROLE_IEXPENSE','r.atouahri')
,('ROLE_IFINANCE','r.atouahri')
,('ROLE_MYHR','r.atouahri')
,('ROLE_MYTOOLS','r.atouahri')
,('ROLE_WTR','r.atouahri')
,('ROLE_WTR','r.belgacimi')
,('ROLE_IEXPENSE','r.benfares')
;
INSERT INTO user_role (role,user_username) VALUES 
('ROLE_MYHR','r.benfares')
,('ROLE_MYTOOLS','r.benfares')
,('ROLE_WTR','r.benfares')
,('ROLE_IEXPENSE','r.bengotaya')
,('ROLE_IFINANCE','r.bengotaya')
,('ROLE_ILOGISTICS','r.bengotaya')
,('ROLE_ILOGISTICS_SE','r.bengotaya')
,('ROLE_ILOGISTICS_USER','r.bengotaya')
,('ROLE_MYHR','r.bengotaya')
,('ROLE_MYTOOLS','r.bengotaya')
;
INSERT INTO user_role (role,user_username) VALUES 
('ROLE_SDM','r.bengotaya')
,('ROLE_SDM_COORDINATOR','r.bengotaya')
,('ROLE_WTR','r.bengotaya')
,('ROLE_IEXPENSE','r.benrahmoun')
,('ROLE_MYHR','r.benrahmoun')
,('ROLE_MYTOOLS','r.benrahmoun')
,('ROLE_WTR','r.benrahmoun')
,('ROLE_WTR','r.boubekeur')
,('ROLE_IEXPENSE','r.bouidi')
,('ROLE_MYHR','r.bouidi')
;
INSERT INTO user_role (role,user_username) VALUES 
('ROLE_MYTOOLS','r.bouidi')
,('ROLE_WTR','r.bouidi')
,('ROLE_IEXPENSE','r.chaabet')
,('ROLE_MYHR','r.chaabet')
,('ROLE_MYTOOLS','r.chaabet')
,('ROLE_WTR','r.chaabet')
,('ROLE_IEXPENSE','r.chemmaoui')
,('ROLE_IFINANCE','r.chemmaoui')
,('ROLE_MYHR','r.chemmaoui')
,('ROLE_MYTOOLS','r.chemmaoui')
;
INSERT INTO user_role (role,user_username) VALUES 
('ROLE_WTR','r.chemmaoui')
,('ROLE_IEXPENSE','r.chihani')
,('ROLE_IFINANCE','r.chihani')
,('ROLE_MYHR','r.chihani')
,('ROLE_MYTOOLS','r.chihani')
,('ROLE_WTR','r.chihani')
,('ROLE_WTR','r.choukri')
,('ROLE_IEXPENSE','r.dahdouh')
,('ROLE_MYHR','r.dahdouh')
,('ROLE_MYTOOLS','r.dahdouh')
;
INSERT INTO user_role (role,user_username) VALUES 
('ROLE_WTR','r.dahdouh')
,('ROLE_IEXPENSE','r.darid')
,('ROLE_IFINANCE','r.darid')
,('ROLE_MYHR','r.darid')
,('ROLE_MYTOOLS','r.darid')
,('ROLE_WTR','r.darid')
,('ROLE_IEXPENSE','r.derrouz')
,('ROLE_MYHR','r.derrouz')
,('ROLE_MYTOOLS','r.derrouz')
,('ROLE_WTR','r.derrouz')
;
INSERT INTO user_role (role,user_username) VALUES 
('ROLE_IEXPENSE','r.elmnaouar')
,('ROLE_IFINANCE','r.elmnaouar')
,('ROLE_MYHR','r.elmnaouar')
,('ROLE_MYTOOLS','r.elmnaouar')
,('ROLE_WTR','r.elmnaouar')
,('ROLE_IEXPENSE','r.eloualid')
,('ROLE_IFINANCE','r.eloualid')
,('ROLE_MYHR','r.eloualid')
,('ROLE_MYTOOLS','r.eloualid')
,('ROLE_WTR','r.eloualid')
;
INSERT INTO user_role (role,user_username) VALUES 
('ROLE_IEXPENSE','r.elouardi')
,('ROLE_MYHR','r.elouardi')
,('ROLE_MYTOOLS','r.elouardi')
,('ROLE_WTR','r.elouardi')
,('ROLE_IEXPENSE','r.erihioui')
,('ROLE_MYHR','r.erihioui')
,('ROLE_MYTOOLS','r.erihioui')
,('ROLE_WTR','r.erihioui')
,('ROLE_IEXPENSE','r.essaidi')
,('ROLE_MYHR','r.essaidi')
;
INSERT INTO user_role (role,user_username) VALUES 
('ROLE_MYTOOLS','r.essaidi')
,('ROLE_WTR','r.essaidi')
,('ROLE_WTR','r.ghalmi')
,('ROLE_IEXPENSE','r.guehita')
,('ROLE_IFINANCE','r.guehita')
,('ROLE_MYHR','r.guehita')
,('ROLE_MYTOOLS','r.guehita')
,('ROLE_WTR','r.guehita')
,('ROLE_IEXPENSE','r.hafideddine')
,('ROLE_MT_LM','r.hafideddine')
;
INSERT INTO user_role (role,user_username) VALUES 
('ROLE_MYHR','r.hafideddine')
,('ROLE_MYTOOLS','r.hafideddine')
,('ROLE_WTR','r.hafideddine')
,('ROLE_IEXPENSE','r.hamidi')
,('ROLE_MYHR','r.hamidi')
,('ROLE_MYTOOLS','r.hamidi')
,('ROLE_WTR','r.hamidi')
,('ROLE_IEXPENSE','r.houna')
,('ROLE_MYHR','r.houna')
,('ROLE_MYTOOLS','r.houna')
;
INSERT INTO user_role (role,user_username) VALUES 
('ROLE_WTR','r.houna')
,('IFINANCE_BS','r.karrakchou')
,('IFINANCE_TM','r.karrakchou')
,('ROLE_IBUY','r.karrakchou')
,('ROLE_IEXPENSE','r.karrakchou')
,('ROLE_IFINANCE','r.karrakchou')
,('ROLE_MR_FA','r.karrakchou')
,('ROLE_MYHR','r.karrakchou')
,('ROLE_MYREPORTS','r.karrakchou')
,('ROLE_MYTOOLS','r.karrakchou')
;
INSERT INTO user_role (role,user_username) VALUES 
('ROLE_WTR','r.karrakchou')
,('ROLE_IEXPENSE','r.korchi')
,('ROLE_IFINANCE','r.korchi')
,('ROLE_MYHR','r.korchi')
,('ROLE_MYTOOLS','r.korchi')
,('ROLE_WTR','r.korchi')
,('ROLE_IEXPENSE','r.labiad')
,('ROLE_IFINANCE','r.labiad')
,('ROLE_MYHR','r.labiad')
,('ROLE_MYTOOLS','r.labiad')
;
INSERT INTO user_role (role,user_username) VALUES 
('ROLE_WTR','r.labiad')
,('ROLE_WTR','r.mazari')
,('ROLE_WTR','r.meddane')
,('ROLE_IEXPENSE','r.moussaoui')
,('ROLE_IFINANCE','r.moussaoui')
,('ROLE_MYHR','r.moussaoui')
,('ROLE_MYTOOLS','r.moussaoui')
,('ROLE_WTR','r.moussaoui')
,('ROLE_IEXPENSE','r.naitgourma')
,('ROLE_MYHR','r.naitgourma')
;
INSERT INTO user_role (role,user_username) VALUES 
('ROLE_MYTOOLS','r.naitgourma')
,('ROLE_WTR','r.naitgourma')
,('ROLE_IEXPENSE','r.naitslimane')
,('ROLE_IFINANCE','r.naitslimane')
,('ROLE_MYHR','r.naitslimane')
,('ROLE_MYTOOLS','r.naitslimane')
,('ROLE_WTR','r.naitslimane')
,('ROLE_MYHR','r.nouari')
,('ROLE_MYTOOLS','r.nouari')
,('ROLE_WTR','r.nouari')
;
INSERT INTO user_role (role,user_username) VALUES 
('ROLE_WTR','r.oudaoud')
,('ROLE_OME','r.regad')
,('ROLE_WTR','r.regad')
,('ROLE_HR_INSSURANCE','r.rizani')
,('ROLE_IEXPENSE','r.rizani')
,('ROLE_MYHR','r.rizani')
,('ROLE_MYTOOLS','r.rizani')
,('ROLE_WTR','r.rizani')
,('ROLE_IEXPENSE','r.rogui')
,('ROLE_MYHR','r.rogui')
;
INSERT INTO user_role (role,user_username) VALUES 
('ROLE_MYTOOLS','r.rogui')
,('ROLE_WTR','r.rogui')
,('ROLE_WTR','r.sadaoui')
,('ROLE_IEXPENSE','r.salim')
,('ROLE_MYHR','r.salim')
,('ROLE_MYTOOLS','r.salim')
,('ROLE_WTR','r.salim')
,('ROLE_IEXPENSE','r.taboud')
,('ROLE_IFINANCE','r.taboud')
,('ROLE_ILOGISTICS','r.taboud')
;
INSERT INTO user_role (role,user_username) VALUES 
('ROLE_ILOGISTICS_SE','r.taboud')
,('ROLE_ILOGISTICS_USER','r.taboud')
,('ROLE_MYHR','r.taboud')
,('ROLE_MYTOOLS','r.taboud')
,('ROLE_SDM','r.taboud')
,('ROLE_SDM_ASSISTANT','r.taboud')
,('ROLE_SDM_COORDINATOR','r.taboud')
,('ROLE_SDM_PM','r.taboud')
,('ROLE_WTR','r.taboud')
,('ROLE_IEXPENSE','r.taouji')
;
INSERT INTO user_role (role,user_username) VALUES 
('ROLE_IFINANCE','r.taouji')
,('ROLE_MYHR','r.taouji')
,('ROLE_MYTOOLS','r.taouji')
,('ROLE_WTR','r.taouji')
,('ROLE_IEXPENSE','r.teimi')
,('ROLE_MYHR','r.teimi')
,('ROLE_MYTOOLS','r.teimi')
,('ROLE_WTR','r.teimi')
,('ROLE_IEXPENSE','r.touil')
,('ROLE_MYHR','r.touil')
;
INSERT INTO user_role (role,user_username) VALUES 
('ROLE_MYTOOLS','r.touil')
,('ROLE_WTR','r.touil')
,('ROLE_IEXPENSE','r.zaghloul')
,('ROLE_MYHR','r.zaghloul')
,('ROLE_MYTOOLS','r.zaghloul')
,('ROLE_WTR','r.zaghloul')
,('ROLE_IEXPENSE','s.abdouni')
,('ROLE_IFINANCE','s.abdouni')
,('ROLE_MYHR','s.abdouni')
,('ROLE_MYTOOLS','s.abdouni')
;
INSERT INTO user_role (role,user_username) VALUES 
('ROLE_WTR','s.abdouni')
,('ROLE_WTR','s.abid')
,('ROLE_IEXPENSE','s.abouelfaraj')
,('ROLE_MYHR','s.abouelfaraj')
,('ROLE_MYTOOLS','s.abouelfaraj')
,('ROLE_WTR','s.abouelfaraj')
,('ROLE_IEXPENSE','s.abudaqqa')
,('ROLE_MYHR','s.abudaqqa')
,('ROLE_MYTOOLS','s.abudaqqa')
,('ROLE_WTR','s.abudaqqa')
;
INSERT INTO user_role (role,user_username) VALUES 
('ROLE_IBUY','s.adnaoui')
,('ROLE_IEXPENSE','s.adnaoui')
,('ROLE_INVOICE','s.adnaoui')
,('ROLE_MR_PM','s.adnaoui')
,('ROLE_MYHR','s.adnaoui')
,('ROLE_MYREPORTS','s.adnaoui')
,('ROLE_MYTOOLS','s.adnaoui')
,('ROLE_WTR','s.adnaoui')
,('ROLE_IEXPENSE','s.aithamid')
,('ROLE_IFINANCE','s.aithamid')
;
INSERT INTO user_role (role,user_username) VALUES 
('ROLE_MYHR','s.aithamid')
,('ROLE_MYTOOLS','s.aithamid')
,('ROLE_WTR','s.aithamid')
,('ROLE_IEXPENSE','s.allaoui')
,('ROLE_IFINANCE','s.allaoui')
,('ROLE_MYHR','s.allaoui')
,('ROLE_MYTOOLS','s.allaoui')
,('ROLE_WTR','s.allaoui')
,('ROLE_WTR','s.amrouche')
,('ROLE_IEXPENSE','s.annajar')
;
INSERT INTO user_role (role,user_username) VALUES 
('ROLE_INVOICE','s.annajar')
,('ROLE_MYHR','s.annajar')
,('ROLE_MYTOOLS','s.annajar')
,('ROLE_WTR','s.annajar')
,('ROLE_IEXPENSE','s.aoud')
,('ROLE_INVOICE','s.aoud')
,('ROLE_MYHR','s.aoud')
,('ROLE_MYTOOLS','s.aoud')
,('ROLE_WTR','s.aoud')
,('ROLE_WTR','s.aoudjt')
;
INSERT INTO user_role (role,user_username) VALUES 
('ROLE_IEXPENSE','s.azami')
,('ROLE_MYHR','s.azami')
,('ROLE_MYTOOLS','s.azami')
,('ROLE_WTR','s.azami')
,('ROLE_IEXPENSE','s.bekkalihassani')
,('ROLE_IFINANCE','s.bekkalihassani')
,('ROLE_MYHR','s.bekkalihassani')
,('ROLE_MYTOOLS','s.bekkalihassani')
,('ROLE_WTR','s.bekkalihassani')
,('ROLE_IEXPENSE','s.bendifi')
;
INSERT INTO user_role (role,user_username) VALUES 
('ROLE_IFINANCE','s.bendifi')
,('ROLE_MYHR','s.bendifi')
,('ROLE_MYTOOLS','s.bendifi')
,('ROLE_WTR','s.bendifi')
,('ROLE_WTR','s.bengahaziakhlaki')
,('ROLE_IEXPENSE','s.benkhabba')
,('ROLE_MYHR','s.benkhabba')
,('ROLE_MYTOOLS','s.benkhabba')
,('ROLE_WTR','s.benkhabba')
,('ROLE_IEXPENSE','s.benkhadroun')
;
INSERT INTO user_role (role,user_username) VALUES 
('ROLE_MYHR','s.benkhadroun')
,('ROLE_MYTOOLS','s.benkhadroun')
,('ROLE_WTR','s.benkhadroun')
,('ROLE_IEXPENSE','s.benyaacoub')
,('ROLE_MYHR','s.benyaacoub')
,('ROLE_MYTOOLS','s.benyaacoub')
,('ROLE_WTR','s.benyaacoub')
,('ROLE_WTR','s.boumehkak')
,('ROLE_IBUY','s.chaibi')
,('ROLE_IEXPENSE','s.chaibi')
;
INSERT INTO user_role (role,user_username) VALUES 
('ROLE_INVOICE','s.chaibi')
,('ROLE_MR_PM','s.chaibi')
,('ROLE_MT_LM','s.chaibi')
,('ROLE_MYHR','s.chaibi')
,('ROLE_MYTOOLS','s.chaibi')
,('ROLE_WTR','s.chaibi')
,('ROLE_WTR','s.chakib')
,('ROLE_WTR','s.chelouah')
,('ROLE_WTR','s.chemaouelfihri')
,('ROLE_IEXPENSE','s.dakdak')
;
INSERT INTO user_role (role,user_username) VALUES 
('ROLE_IFINANCE','s.dakdak')
,('ROLE_MYHR','s.dakdak')
,('ROLE_MYTOOLS','s.dakdak')
,('ROLE_WTR','s.dakdak')
,('ROLE_IEXPENSE','s.elabdy')
,('ROLE_MYHR','s.elabdy')
,('ROLE_MYTOOLS','s.elabdy')
,('ROLE_WTR','s.elabdy')
,('ROLE_IEXPENSE','s.elalami')
,('ROLE_ILOGISTICS','s.elalami')
;
INSERT INTO user_role (role,user_username) VALUES 
('ROLE_ILOGISTICS_SE','s.elalami')
,('ROLE_ILOGISTICS_USER','s.elalami')
,('ROLE_MYHR','s.elalami')
,('ROLE_MYTOOLS','s.elalami')
,('ROLE_WTR','s.elalami')
,('ROLE_IEXPENSE','s.elbatchy')
,('ROLE_IFINANCE','s.elbatchy')
,('ROLE_MYHR','s.elbatchy')
,('ROLE_MYTOOLS','s.elbatchy')
,('ROLE_WTR','s.elbatchy')
;
INSERT INTO user_role (role,user_username) VALUES 
('ROLE_WTR','s.elbour')
,('ROLE_IEXPENSE','s.elferiani')
,('ROLE_MYHR','s.elferiani')
,('ROLE_MYTOOLS','s.elferiani')
,('ROLE_WTR','s.elferiani')
,('ROLE_HR_INSSURANCE','s.elhamdouni')
,('ROLE_MYHR','s.elhamdouni')
,('ROLE_MYTOOLS','s.elhamdouni')
,('ROLE_WTR','s.elhamdouni')
,('IFINANCE_USER','s.eljabri')
;
INSERT INTO user_role (role,user_username) VALUES 
('ROLE_MR_PM','s.eljabri')
,('ROLE_MT_LM','s.eljabri')
,('ROLE_MYTOOLS','s.eljabri')
,('ROLE_IBUY','s.elkasmi')
,('ROLE_IBUY','s.elkhayati')
,('ROLE_IEXPENSE','s.elkhayati')
,('ROLE_INVOICE','s.elkhayati')
,('ROLE_MR_EXEC','s.elkhayati')
,('ROLE_MYHR','s.elkhayati')
,('ROLE_MYPM','s.elkhayati')
;
INSERT INTO user_role (role,user_username) VALUES 
('ROLE_MYREPORTS','s.elkhayati')
,('ROLE_MYTOOLS','s.elkhayati')
,('ROLE_WTR','s.elkhayati')
,('ROLE_IBUY','s.elouahdani')
,('ROLE_IEXPENSE','s.elouahdani')
,('ROLE_INVOICE','s.elouahdani')
,('ROLE_MYHR','s.elouahdani')
,('ROLE_MYPM','s.elouahdani')
,('ROLE_MYTOOLS','s.elouahdani')
,('ROLE_WTR','s.elouahdani')
;
INSERT INTO user_role (role,user_username) VALUES 
('ROLE_IEXPENSE','s.ennaciri')
,('ROLE_MYHR','s.ennaciri')
,('ROLE_MYTOOLS','s.ennaciri')
,('ROLE_WTR','s.ennaciri')
,('ROLE_IEXPENSE','s.faid')
,('ROLE_MYHR','s.faid')
,('ROLE_MYTOOLS','s.faid')
,('ROLE_WTR','s.faid')
,('ROLE_IEXPENSE','s.farid')
,('ROLE_IFINANCE','s.farid')
;
INSERT INTO user_role (role,user_username) VALUES 
('ROLE_MYHR','s.farid')
,('ROLE_MYTOOLS','s.farid')
,('ROLE_WTR','s.farid')
,('ROLE_WTR','s.guidoum')
,('ROLE_WTR','s.habibrabi')
,('ROLE_MYHR','s.haddad')
,('ROLE_MYTOOLS','s.haddad')
,('ROLE_IEXPENSE','s.haffane')
,('ROLE_IFINANCE','s.haffane')
,('ROLE_MYHR','s.haffane')
;
INSERT INTO user_role (role,user_username) VALUES 
('ROLE_MYTOOLS','s.haffane')
,('ROLE_WTR','s.haffane')
,('ROLE_IEXPENSE','s.hafid')
,('ROLE_IFINANCE','s.hafid')
,('ROLE_MYHR','s.hafid')
,('ROLE_MYTOOLS','s.hafid')
,('ROLE_WTR','s.hafid')
,('ROLE_HR_INSSURANCE','s.haji')
,('ROLE_IEXPENSE','s.haji')
,('ROLE_IFINANCE','s.haji')
;
INSERT INTO user_role (role,user_username) VALUES 
('ROLE_MYHR','s.haji')
,('ROLE_MYTOOLS','s.haji')
,('ROLE_WTR','s.haji')
,('ROLE_IEXPENSE','s.hicham')
,('ROLE_IFINANCE','s.hicham')
,('ROLE_MYHR','s.hicham')
,('ROLE_MYTOOLS','s.hicham')
,('ROLE_WTR','s.hicham')
,('ROLE_WTR','s.houari')
,('ROLE_IEXPENSE','s.idrissi')
;
INSERT INTO user_role (role,user_username) VALUES 
('ROLE_MYHR','s.idrissi')
,('ROLE_MYTOOLS','s.idrissi')
,('ROLE_WTR','s.idrissi')
,('ROLE_IEXPENSE','s.iraoui')
,('ROLE_MR_PM','s.iraoui')
,('ROLE_MT_LM','s.iraoui')
,('ROLE_MYHR','s.iraoui')
,('ROLE_MYTOOLS','s.iraoui')
,('ROLE_WTR','s.iraoui')
,('ROLE_IEXPENSE','s.janani')
;
INSERT INTO user_role (role,user_username) VALUES 
('ROLE_IFINANCE','s.janani')
,('ROLE_MYHR','s.janani')
,('ROLE_MYTOOLS','s.janani')
,('ROLE_WTR','s.janani')
,('ROLE_WTR','s.kachkachi')
,('ROLE_IBUY','s.kaliki')
,('ROLE_IEXPENSE','s.kaliki')
,('ROLE_IFINANCE','s.kaliki')
,('ROLE_ILOGISTICS','s.kaliki')
,('ROLE_ILOGISTICS_SE','s.kaliki')
;
INSERT INTO user_role (role,user_username) VALUES 
('ROLE_ILOGISTICS_USER','s.kaliki')
,('ROLE_INVOICE','s.kaliki')
,('ROLE_MYHR','s.kaliki')
,('ROLE_MYPM','s.kaliki')
,('ROLE_MYTOOLS','s.kaliki')
,('ROLE_SDM','s.kaliki')
,('ROLE_SDM_PM','s.kaliki')
,('ROLE_WTR','s.kaliki')
,('ROLE_IEXPENSE','s.kitari')
,('ROLE_IFINANCE','s.kitari')
;
INSERT INTO user_role (role,user_username) VALUES 
('ROLE_MYHR','s.kitari')
,('ROLE_MYTOOLS','s.kitari')
,('ROLE_WTR','s.kitari')
,('ROLE_IEXPENSE','s.kouach')
,('ROLE_MYHR','s.kouach')
,('ROLE_MYTOOLS','s.kouach')
,('ROLE_WTR','s.kouach')
,('ROLE_IEXPENSE','s.krai')
,('ROLE_MYHR','s.krai')
,('ROLE_MYTOOLS','s.krai')
;
INSERT INTO user_role (role,user_username) VALUES 
('ROLE_WTR','s.krai')
,('ROLE_WTR','s.laadjali')
,('ROLE_WTR','s.lafrougui')
,('ROLE_IEXPENSE','s.lahlou')
,('ROLE_MYHR','s.lahlou')
,('ROLE_MYTOOLS','s.lahlou')
,('ROLE_WTR','s.lahlou')
,('IFINANCE_USER','s.lakhal')
,('ROLE_IEXPENSE','s.lakhal')
,('ROLE_IFINANCE','s.lakhal')
;
INSERT INTO user_role (role,user_username) VALUES 
('ROLE_MYHR','s.lakhal')
,('ROLE_MYTOOLS','s.lakhal')
,('ROLE_WTR','s.lakhal')
,('ROLE_IEXPENSE','s.lamsaoub')
,('ROLE_MYHR','s.lamsaoub')
,('ROLE_MYTOOLS','s.lamsaoub')
,('ROLE_WTR','s.lamsaoub')
,('ROLE_WTR','s.masmoud')
,('ROLE_WTR','s.messoudi')
,('ROLE_IEXPENSE','s.mokhtari')
;
INSERT INTO user_role (role,user_username) VALUES 
('ROLE_MYHR','s.mokhtari')
,('ROLE_MYTOOLS','s.mokhtari')
,('ROLE_WTR','s.mokhtari')
,('ROLE_IEXPENSE','s.moubsit')
,('ROLE_IFINANCE','s.moubsit')
,('ROLE_MYHR','s.moubsit')
,('ROLE_MYTOOLS','s.moubsit')
,('ROLE_WTR','s.moubsit')
,('ROLE_IEXPENSE','s.moudden')
,('ROLE_MYHR','s.moudden')
;
INSERT INTO user_role (role,user_username) VALUES 
('ROLE_MYTOOLS','s.moudden')
,('ROLE_WTR','s.moudden')
,('ROLE_IEXPENSE','s.mounabbih')
,('ROLE_MYHR','s.mounabbih')
,('ROLE_MYTOOLS','s.mounabbih')
,('ROLE_WTR','s.mounabbih')
,('ROLE_MYTOOLS','s.mourchid')
,('ROLE_IEXPENSE','s.moussaid')
,('ROLE_IFINANCE','s.moussaid')
,('ROLE_MYHR','s.moussaid')
;
INSERT INTO user_role (role,user_username) VALUES 
('ROLE_MYTOOLS','s.moussaid')
,('ROLE_WTR','s.moussaid')
,('ROLE_IEXPENSE','s.mouttaki')
,('ROLE_MYHR','s.mouttaki')
,('ROLE_MYTOOLS','s.mouttaki')
,('ROLE_WTR','s.mouttaki')
,('ROLE_IEXPENSE','s.nouasria')
,('ROLE_IFINANCE','s.nouasria')
,('ROLE_MYHR','s.nouasria')
,('ROLE_MYTOOLS','s.nouasria')
;
INSERT INTO user_role (role,user_username) VALUES 
('ROLE_WTR','s.nouasria')
,('ROLE_IEXPENSE','s.ouerrad')
,('ROLE_MYHR','s.ouerrad')
,('ROLE_MYTOOLS','s.ouerrad')
,('ROLE_WTR','s.ouerrad')
,('ROLE_WTR','s.sabik')
,('ROLE_WTR','s.safir')
,('ROLE_MYTOOLS','s.salhi')
,('ROLE_IEXPENSE','s.sallahi')
,('ROLE_MYHR','s.sallahi')
;
INSERT INTO user_role (role,user_username) VALUES 
('ROLE_MYTOOLS','s.sallahi')
,('ROLE_WTR','s.sallahi')
,('ROLE_IEXPENSE','s.selkane')
,('ROLE_MYHR','s.selkane')
,('ROLE_MYTOOLS','s.selkane')
,('ROLE_WTR','s.selkane')
,('ROLE_WTR','s.sellam')
,('ROLE_IBUY','s.taddrarate')
,('ROLE_IEXPENSE','s.taddrarate')
,('ROLE_MR_PM','s.taddrarate')
;
INSERT INTO user_role (role,user_username) VALUES 
('ROLE_MYHR','s.taddrarate')
,('ROLE_MYPM','s.taddrarate')
,('ROLE_MYTOOLS','s.taddrarate')
,('ROLE_WTR','s.taddrarate')
,('ROLE_IEXPENSE','s.tahir')
,('ROLE_IFINANCE','s.tahir')
,('ROLE_MYHR','s.tahir')
,('ROLE_MYTOOLS','s.tahir')
,('ROLE_WTR','s.tahir')
,('ROLE_IEXPENSE','s.tayq')
;
INSERT INTO user_role (role,user_username) VALUES 
('ROLE_MYHR','s.tayq')
,('ROLE_MYTOOLS','s.tayq')
,('ROLE_WTR','s.tayq')
,('ROLE_MYTOOLS','s.yamani')
,('ROLE_WTR','s.yamani')
,('ROLE_IEXPENSE','s.youssfi')
,('ROLE_MYHR','s.youssfi')
,('ROLE_MYTOOLS','s.youssfi')
,('ROLE_WTR','s.youssfi')
,('ROLE_WTR','s.zahaf')
;
INSERT INTO user_role (role,user_username) VALUES 
('ROLE_WTR','s.zahidi')
,('ROLE_IEXPENSE','s.zahir')
,('ROLE_IFINANCE','s.zahir')
,('ROLE_MYHR','s.zahir')
,('ROLE_MYTOOLS','s.zahir')
,('ROLE_WTR','s.zahir')
,('ROLE_IEXPENSE','s.zahour')
,('ROLE_IFINANCE','s.zahour')
,('ROLE_MYHR','s.zahour')
,('ROLE_MYTOOLS','s.zahour')
;
INSERT INTO user_role (role,user_username) VALUES 
('ROLE_WTR','s.zahour')
,('ROLE_IEXPENSE','s.zllay')
,('ROLE_IFINANCE','s.zllay')
,('ROLE_ILOGISTICS','s.zllay')
,('ROLE_ILOGISTICS_SE','s.zllay')
,('ROLE_ILOGISTICS_USER','s.zllay')
,('ROLE_MYHR','s.zllay')
,('ROLE_MYTOOLS','s.zllay')
,('ROLE_SDM','s.zllay')
,('ROLE_SDM_COORDINATOR','s.zllay')
;
INSERT INTO user_role (role,user_username) VALUES 
('ROLE_WTR','s.zllay')
,('ROLE_IEXPENSE','s.zouine')
,('ROLE_IFINANCE','s.zouine')
,('ROLE_MYHR','s.zouine')
,('ROLE_MYTOOLS','s.zouine')
,('ROLE_WTR','s.zouine')
,('ROLE_IEXPENSE','t.bendassar')
,('ROLE_IFINANCE','t.bendassar')
,('ROLE_MYHR','t.bendassar')
,('ROLE_MYTOOLS','t.bendassar')
;
INSERT INTO user_role (role,user_username) VALUES 
('ROLE_WTR','t.bendassar')
,('ROLE_WTR','t.boubihi')
,('ROLE_IEXPENSE','t.bouhlal')
,('ROLE_MR_PM','t.bouhlal')
,('ROLE_MT_LM','t.bouhlal')
,('ROLE_MYHR','t.bouhlal')
,('ROLE_MYPM','t.bouhlal')
,('ROLE_MYREPORTS','t.bouhlal')
,('ROLE_MYTOOLS','t.bouhlal')
,('ROLE_WTR','t.bouhlal')
;
INSERT INTO user_role (role,user_username) VALUES 
('ROLE_WTR','t.boukais')
,('ROLE_MYTOOLS','t.charifelidrissi')
,('ROLE_IEXPENSE','t.elamime')
,('ROLE_MYHR','t.elamime')
,('ROLE_MYTOOLS','t.elamime')
,('ROLE_WTR','t.elamime')
,('ROLE_IEXPENSE','t.elkamri')
,('ROLE_IFINANCE','t.elkamri')
,('ROLE_MYHR','t.elkamri')
,('ROLE_MYTOOLS','t.elkamri')
;
INSERT INTO user_role (role,user_username) VALUES 
('ROLE_WTR','t.elkamri')
,('ROLE_IEXPENSE','t.elmarouani')
,('ROLE_MYHR','t.elmarouani')
,('ROLE_MYTOOLS','t.elmarouani')
,('ROLE_WTR','t.elmarouani')
,('ROLE_IBUY','t.ezziani')
,('ROLE_IEXPENSE','t.ezziani')
,('ROLE_ILOGISTICS','t.ezziani')
,('ROLE_ILOGISTICS_PM','t.ezziani')
,('ROLE_ILOGISTICS_USER','t.ezziani')
;
INSERT INTO user_role (role,user_username) VALUES 
('ROLE_INVOICE','t.ezziani')
,('ROLE_MR_PM','t.ezziani')
,('ROLE_MT_LM','t.ezziani')
,('ROLE_MYHR','t.ezziani')
,('ROLE_MYPM','t.ezziani')
,('ROLE_MYREPORTS','t.ezziani')
,('ROLE_MYTOOLS','t.ezziani')
,('ROLE_SDM','t.ezziani')
,('ROLE_SDM_PM','t.ezziani')
,('ROLE_WTR','t.ezziani')
;
INSERT INTO user_role (role,user_username) VALUES 
('ROLE_IEXPENSE','t.hajri')
,('ROLE_MYHR','t.hajri')
,('ROLE_MYTOOLS','t.hajri')
,('ROLE_WTR','t.hajri')
,('ROLE_IEXPENSE','t.hamidi')
,('ROLE_MYHR','t.hamidi')
,('ROLE_MYTOOLS','t.hamidi')
,('ROLE_WTR','t.hamidi')
,('ROLE_IEXPENSE','t.jalal')
,('ROLE_MYHR','t.jalal')
;
INSERT INTO user_role (role,user_username) VALUES 
('ROLE_MYTOOLS','t.jalal')
,('ROLE_WTR','t.jalal')
,('ROLE_IEXPENSE','t.khayal')
,('ROLE_IFINANCE','t.khayal')
,('ROLE_MYHR','t.khayal')
,('ROLE_MYTOOLS','t.khayal')
,('ROLE_WTR','t.khayal')
,('ROLE_IEXPENSE','t.kourt')
,('ROLE_IFINANCE','t.kourt')
,('ROLE_MYHR','t.kourt')
;
INSERT INTO user_role (role,user_username) VALUES 
('ROLE_MYTOOLS','t.kourt')
,('ROLE_WTR','t.kourt')
,('ROLE_IEXPENSE','t.meftah')
,('ROLE_MYHR','t.meftah')
,('ROLE_MYTOOLS','t.meftah')
,('ROLE_WTR','t.meftah')
,('ROLE_IBUY','t.merrou')
,('ROLE_IEXPENSE','t.merrou')
,('ROLE_ILOGISTICS','t.merrou')
,('ROLE_ILOGISTICS_SE','t.merrou')
;
INSERT INTO user_role (role,user_username) VALUES 
('ROLE_ILOGISTICS_USER','t.merrou')
,('ROLE_MYHR','t.merrou')
,('ROLE_MYTOOLS','t.merrou')
,('ROLE_SDM','t.merrou')
,('ROLE_SDM_COORDINATOR','t.merrou')
,('ROLE_WTR','t.merrou')
,('ROLE_IEXPENSE','t.mida')
,('ROLE_MYHR','t.mida')
,('ROLE_MYTOOLS','t.mida')
,('ROLE_WTR','t.mida')
;
INSERT INTO user_role (role,user_username) VALUES 
('ROLE_IEXPENSE','t.rhmiza')
,('ROLE_MYHR','t.rhmiza')
,('ROLE_MYTOOLS','t.rhmiza')
,('ROLE_WTR','t.rhmiza')
,('ROLE_IEXPENSE','t.sbitti')
,('ROLE_IFINANCE','t.sbitti')
,('ROLE_MYHR','t.sbitti')
,('ROLE_MYTOOLS','t.sbitti')
,('ROLE_WTR','t.sbitti')
,('ROLE_IBUY','t.slimani')
;
INSERT INTO user_role (role,user_username) VALUES 
('ROLE_IEXPENSE','t.slimani')
,('ROLE_IFINANCE','t.slimani')
,('ROLE_MYHR','t.slimani')
,('ROLE_MYTOOLS','t.slimani')
,('ROLE_WTR','t.slimani')
,('ROLE_IEXPENSE','w.chouraq')
,('ROLE_MYHR','w.chouraq')
,('ROLE_MYTOOLS','w.chouraq')
,('ROLE_WTR','w.chouraq')
,('ROLE_IEXPENSE','w.djenane')
;
INSERT INTO user_role (role,user_username) VALUES 
('ROLE_MYHR','w.djenane')
,('ROLE_MYTOOLS','w.djenane')
,('ROLE_WTR','w.djenane')
,('ROLE_IEXPENSE','w.mamri')
,('ROLE_MYHR','w.mamri')
,('ROLE_MYTOOLS','w.mamri')
,('ROLE_WTR','w.mamri')
,('ROLE_IEXPENSE','y.abousaouira')
,('ROLE_MYHR','y.abousaouira')
,('ROLE_MYTOOLS','y.abousaouira')
;
INSERT INTO user_role (role,user_username) VALUES 
('ROLE_WTR','y.abousaouira')
,('ROLE_IEXPENSE','y.addioui')
,('ROLE_MYHR','y.addioui')
,('ROLE_MYTOOLS','y.addioui')
,('ROLE_WTR','y.addioui')
,('ROLE_IEXPENSE','y.aitomar')
,('ROLE_IFINANCE','y.aitomar')
,('ROLE_MYHR','y.aitomar')
,('ROLE_MYTOOLS','y.aitomar')
,('ROLE_WTR','y.aitomar')
;
INSERT INTO user_role (role,user_username) VALUES 
('ROLE_IEXPENSE','y.bahjaoui')
,('ROLE_MYHR','y.bahjaoui')
,('ROLE_MYTOOLS','y.bahjaoui')
,('ROLE_WTR','y.bahjaoui')
,('ROLE_WTR','y.benraisse')
,('ROLE_MYOFFICE','y.bouassem')
,('ROLE_MYOFFICE_SUPERVISOR','y.bouassem')
,('ROLE_MYOFFICE_TR_MANAGER','y.bouassem')
,('ROLE_IBUY','y.bouassem')
,('ROLE_IEXPENSE','y.bouassem')
;
INSERT INTO user_role (role,user_username) VALUES 
('ROLE_ILOGISTICS','y.bouassem')
,('ROLE_ILOGISTICS_ADMIN','y.bouassem')
,('ROLE_ILOGISTICS_PM','y.bouassem')
,('ROLE_ILOGISTICS_SE','y.bouassem')
,('ROLE_ILOGISTICS_TM','y.bouassem')
,('ROLE_ILOGISTICS_USER','y.bouassem')
,('ROLE_ILOGISTICS_WM','y.bouassem')
,('ROLE_INVOICE','y.bouassem')
,('ROLE_MR_PM','y.bouassem')
,('ROLE_MT_LOM','y.bouassem')
;
INSERT INTO user_role (role,user_username) VALUES 
('ROLE_MYHR','y.bouassem')
,('ROLE_MYREPORTS','y.bouassem')
,('ROLE_MYTOOLS','y.bouassem')
,('ROLE_SDM','y.bouassem')
,('ROLE_SDM_COORDINATOR','y.bouassem')
,('ROLE_SDM_PM','y.bouassem')
,('ROLE_WTR','y.bouassem')
,('ROLE_WTR','y.bouchama')
,('ROLE_IEXPENSE','y.boughnnami')
,('ROLE_IFINANCE','y.boughnnami')
;
INSERT INTO user_role (role,user_username) VALUES 
('ROLE_MYHR','y.boughnnami')
,('ROLE_MYTOOLS','y.boughnnami')
,('ROLE_WTR','y.boughnnami')
,('ROLE_IEXPENSE','y.bouknadal')
,('ROLE_MYHR','y.bouknadal')
,('ROLE_MYTOOLS','y.bouknadal')
,('ROLE_WTR','y.bouknadal')
,('ROLE_IEXPENSE','y.chadli')
,('ROLE_MYHR','y.chadli')
,('ROLE_MYTOOLS','y.chadli')
;
INSERT INTO user_role (role,user_username) VALUES 
('ROLE_WTR','y.chadli')
,('ROLE_IEXPENSE','y.chatoui')
,('ROLE_IFINANCE','y.chatoui')
,('ROLE_MYHR','y.chatoui')
,('ROLE_MYTOOLS','y.chatoui')
,('ROLE_WTR','y.chatoui')
,('ROLE_MYTOOLS','y.chennane')
,('ROLE_WTR','y.chorfi')
,('ROLE_IEXPENSE','y.chtaoui')
,('ROLE_IFINANCE','y.chtaoui')
;
INSERT INTO user_role (role,user_username) VALUES 
('ROLE_MYHR','y.chtaoui')
,('ROLE_MYTOOLS','y.chtaoui')
,('ROLE_WTR','y.chtaoui')
,('ROLE_IEXPENSE','y.daryf')
,('ROLE_IFINANCE','y.daryf')
,('ROLE_MYHR','y.daryf')
,('ROLE_MYTOOLS','y.daryf')
,('ROLE_WTR','y.daryf')
,('ROLE_IEXPENSE','y.didiomar')
,('ROLE_MYHR','y.didiomar')
;
INSERT INTO user_role (role,user_username) VALUES 
('ROLE_MYTOOLS','y.didiomar')
,('ROLE_WTR','y.didiomar')
,('ROLE_IEXPENSE','y.elaimani')
,('ROLE_IFINANCE','y.elaimani')
,('ROLE_ILOGISTICS','y.elaimani')
,('ROLE_ILOGISTICS_SE','y.elaimani')
,('ROLE_ILOGISTICS_USER','y.elaimani')
,('ROLE_MYHR','y.elaimani')
,('ROLE_MYTOOLS','y.elaimani')
,('ROLE_WTR','y.elaimani')
;
INSERT INTO user_role (role,user_username) VALUES 
('ROLE_IEXPENSE','y.elatifi')
,('ROLE_MYHR','y.elatifi')
,('ROLE_MYTOOLS','y.elatifi')
,('ROLE_WTR','y.elatifi')
,('ROLE_IEXPENSE','y.elbahloul')
,('ROLE_IFINANCE','y.elbahloul')
,('ROLE_MYHR','y.elbahloul')
,('ROLE_MYTOOLS','y.elbahloul')
,('ROLE_WTR','y.elbahloul')
,('ROLE_HR_INSSURANCE','y.elbaroudi')
;
INSERT INTO user_role (role,user_username) VALUES 
('ROLE_IEXPENSE','y.elbaroudi')
,('ROLE_IFINANCE','y.elbaroudi')
,('ROLE_MYHR','y.elbaroudi')
,('ROLE_MYTOOLS','y.elbaroudi')
,('ROLE_WTR','y.elbaroudi')
,('ROLE_IEXPENSE','y.elbaz')
,('ROLE_IFINANCE','y.elbaz')
,('ROLE_MYHR','y.elbaz')
,('ROLE_MYTOOLS','y.elbaz')
,('ROLE_WTR','y.elbaz')
;
INSERT INTO user_role (role,user_username) VALUES 
('ROLE_IEXPENSE','y.eljabiri')
,('ROLE_IFINANCE','y.eljabiri')
,('ROLE_MYHR','y.eljabiri')
,('ROLE_MYTOOLS','y.eljabiri')
,('ROLE_WTR','y.eljabiri')
,('ROLE_IEXPENSE','y.elkerzi')
,('ROLE_IFINANCE','y.elkerzi')
,('ROLE_MYHR','y.elkerzi')
,('ROLE_MYTOOLS','y.elkerzi')
,('ROLE_WTR','y.elkerzi')
;
INSERT INTO user_role (role,user_username) VALUES 
('ROLE_IEXPENSE','y.elmghari')
,('ROLE_MR_PM','y.elmghari')
,('ROLE_MT_LM','y.elmghari')
,('ROLE_MYHR','y.elmghari')
,('ROLE_MYTOOLS','y.elmghari')
,('ROLE_WTR','y.elmghari')
,('ROLE_IEXPENSE','y.elmouhtadi')
,('ROLE_IFINANCE','y.elmouhtadi')
,('ROLE_MYHR','y.elmouhtadi')
,('ROLE_MYTOOLS','y.elmouhtadi')
;
INSERT INTO user_role (role,user_username) VALUES 
('ROLE_WTR','y.elmouhtadi')
,('ROLE_IEXPENSE','y.elouali')
,('ROLE_IFINANCE','y.elouali')
,('ROLE_MYHR','y.elouali')
,('ROLE_MYTOOLS','y.elouali')
,('ROLE_WTR','y.elouali')
,('ROLE_IEXPENSE','y.essaadi')
,('ROLE_MYHR','y.essaadi')
,('ROLE_MYTOOLS','y.essaadi')
,('ROLE_WTR','y.essaadi')
;
INSERT INTO user_role (role,user_username) VALUES 
('ROLE_IEXPENSE','y.essarghini')
,('ROLE_IFINANCE','y.essarghini')
,('ROLE_MYHR','y.essarghini')
,('ROLE_MYTOOLS','y.essarghini')
,('ROLE_WTR','y.essarghini')
,('ROLE_IEXPENSE','y.haddouni')
,('ROLE_MYHR','y.haddouni')
,('ROLE_MYTOOLS','y.haddouni')
,('ROLE_WTR','y.haddouni')
,('ROLE_IEXPENSE','y.hafidi')
;
INSERT INTO user_role (role,user_username) VALUES 
('ROLE_IFINANCE','y.hafidi')
,('ROLE_MYHR','y.hafidi')
,('ROLE_MYTOOLS','y.hafidi')
,('ROLE_WTR','y.hafidi')
,('ROLE_IEXPENSE','y.hammoudat')
,('ROLE_MYHR','y.hammoudat')
,('ROLE_MYTOOLS','y.hammoudat')
,('ROLE_WTR','y.hammoudat')
,('ROLE_IEXPENSE','y.houchaimi')
,('ROLE_MYHR','y.houchaimi')
;
INSERT INTO user_role (role,user_username) VALUES 
('ROLE_MYTOOLS','y.houchaimi')
,('ROLE_WTR','y.houchaimi')
,('ROLE_IEXPENSE','y.idyiahia')
,('ROLE_IFINANCE','y.idyiahia')
,('ROLE_MYHR','y.idyiahia')
,('ROLE_MYTOOLS','y.idyiahia')
,('ROLE_WTR','y.idyiahia')
,('ROLE_IEXPENSE','y.inouballah')
,('ROLE_MYHR','y.inouballah')
,('ROLE_MYTOOLS','y.inouballah')
;
INSERT INTO user_role (role,user_username) VALUES 
('ROLE_WTR','y.inouballah')
,('ROLE_IEXPENSE','y.jarfi')
,('ROLE_IFINANCE','y.jarfi')
,('ROLE_MYHR','y.jarfi')
,('ROLE_MYTOOLS','y.jarfi')
,('ROLE_WTR','y.jarfi')
,('ROLE_IEXPENSE','y.jennane')
,('ROLE_MYHR','y.jennane')
,('ROLE_MYTOOLS','y.jennane')
,('ROLE_WTR','y.jennane')
;
INSERT INTO user_role (role,user_username) VALUES 
('ROLE_MYTOOLS','y.khajjouti')
,('ROLE_IEXPENSE','y.khaldoun')
,('ROLE_IFINANCE','y.khaldoun')
,('ROLE_MYHR','y.khaldoun')
,('ROLE_MYTOOLS','y.khaldoun')
,('ROLE_WTR','y.khaldoun')
,('ROLE_IEXPENSE','y.kheira')
,('ROLE_MYHR','y.kheira')
,('ROLE_MYTOOLS','y.kheira')
,('ROLE_WTR','y.kheira')
;
INSERT INTO user_role (role,user_username) VALUES 
('ROLE_IEXPENSE','y.lachgar')
,('ROLE_MYHR','y.lachgar')
,('ROLE_MYTOOLS','y.lachgar')
,('ROLE_SDM','y.lachgar')
,('ROLE_SDM_ASSISTANT','y.lachgar')
,('ROLE_SDM_COORDINATOR','y.lachgar')
,('ROLE_WTR','y.lachgar')
,('ROLE_IEXPENSE','y.lafrem')
,('ROLE_IFINANCE','y.lafrem')
,('ROLE_MYHR','y.lafrem')
;
INSERT INTO user_role (role,user_username) VALUES 
('ROLE_MYTOOLS','y.lafrem')
,('ROLE_WTR','y.lafrem')
,('ROLE_IEXPENSE','y.laghdass')
,('ROLE_MYHR','y.laghdass')
,('ROLE_MYTOOLS','y.laghdass')
,('ROLE_WTR','y.laghdass')
,('ROLE_IEXPENSE','y.loutfi')
,('ROLE_IFINANCE','y.loutfi')
,('ROLE_MYHR','y.loutfi')
,('ROLE_MYTOOLS','y.loutfi')
;
INSERT INTO user_role (role,user_username) VALUES 
('ROLE_WTR','y.loutfi')
,('ROLE_IEXPENSE','y.mazroub')
,('ROLE_MYHR','y.mazroub')
,('ROLE_MYTOOLS','y.mazroub')
,('ROLE_WTR','y.mazroub')
,('ROLE_IEXPENSE','y.mbarki')
,('ROLE_IFINANCE','y.mbarki')
,('ROLE_MYHR','y.mbarki')
,('ROLE_MYTOOLS','y.mbarki')
,('ROLE_WTR','y.mbarki')
;
INSERT INTO user_role (role,user_username) VALUES 
('ROLE_IEXPENSE','y.mersioui')
,('ROLE_IFINANCE','y.mersioui')
,('ROLE_MYHR','y.mersioui')
,('ROLE_MYTOOLS','y.mersioui')
,('ROLE_WTR','y.mersioui')
,('ROLE_IEXPENSE','y.mouine')
,('ROLE_MYHR','y.mouine')
,('ROLE_MYTOOLS','y.mouine')
,('ROLE_WTR','y.mouine')
,('ROLE_IEXPENSE','y.moussaif')
;
INSERT INTO user_role (role,user_username) VALUES 
('ROLE_MYHR','y.moussaif')
,('ROLE_MYTOOLS','y.moussaif')
,('ROLE_WTR','y.moussaif')
,('ROLE_IEXPENSE','y.nasser')
,('ROLE_MYHR','y.nasser')
,('ROLE_MYTOOLS','y.nasser')
,('ROLE_WTR','y.nasser')
,('ROLE_IEXPENSE','y.ouassel')
,('ROLE_IFINANCE','y.ouassel')
,('ROLE_MYHR','y.ouassel')
;
INSERT INTO user_role (role,user_username) VALUES 
('ROLE_MYTOOLS','y.ouassel')
,('ROLE_WTR','y.ouassel')
,('ROLE_IEXPENSE','y.ourouba')
,('ROLE_MYHR','y.ourouba')
,('ROLE_MYTOOLS','y.ourouba')
,('ROLE_WTR','y.ourouba')
,('ROLE_IEXPENSE','y.rabie')
,('ROLE_ILOGISTICS','y.rabie')
,('ROLE_ILOGISTICS_USER','y.rabie')
,('ROLE_MYHR','y.rabie')
;
INSERT INTO user_role (role,user_username) VALUES 
('ROLE_MYTOOLS','y.rabie')
,('ROLE_WTR','y.rabie')
,('ROLE_IEXPENSE','y.rouai')
,('ROLE_IFINANCE','y.rouai')
,('ROLE_MYHR','y.rouai')
,('ROLE_MYTOOLS','y.rouai')
,('ROLE_WTR','y.rouai')
,('ROLE_WTR','y.selouani')
,('ROLE_IEXPENSE','y.sihi')
,('ROLE_MYHR','y.sihi')
;
INSERT INTO user_role (role,user_username) VALUES 
('ROLE_MYTOOLS','y.sihi')
,('ROLE_WTR','y.sihi')
,('ROLE_IEXPENSE','y.siraj')
,('ROLE_IFINANCE','y.siraj')
,('ROLE_MYHR','y.siraj')
,('ROLE_MYTOOLS','y.siraj')
,('ROLE_WTR','y.siraj')
,('ROLE_IEXPENSE','y.tida')
,('ROLE_IFINANCE','y.tida')
,('ROLE_INVOICE','y.tida')
;
INSERT INTO user_role (role,user_username) VALUES 
('ROLE_MYHR','y.tida')
,('ROLE_MYTOOLS','y.tida')
,('ROLE_WTR','y.tida')
,('ROLE_IEXPENSE','y.wakrim')
,('ROLE_IFINANCE','y.wakrim')
,('ROLE_MYHR','y.wakrim')
,('ROLE_MYTOOLS','y.wakrim')
,('ROLE_WTR','y.wakrim')
,('ROLE_MYTOOLS','y.younes')
,('ROLE_IEXPENSE','y.zadim')
;
INSERT INTO user_role (role,user_username) VALUES 
('ROLE_MYHR','y.zadim')
,('ROLE_MYTOOLS','y.zadim')
,('ROLE_WTR','y.zadim')
,('ROLE_WTR','y.zait')
,('ROLE_IEXPENSE','y.zegani')
,('ROLE_IFINANCE','y.zegani')
,('ROLE_MYHR','y.zegani')
,('ROLE_MYTOOLS','y.zegani')
,('ROLE_WTR','y.zegani')
,('ROLE_MYTOOLS','y.zekhnini')
;
INSERT INTO user_role (role,user_username) VALUES 
('ROLE_WTR','y.zekhnini')
,('ROLE_IEXPENSE','y.zitouni')
,('ROLE_MYHR','y.zitouni')
,('ROLE_MYTOOLS','y.zitouni')
,('ROLE_WTR','y.zitouni')
,('ROLE_IEXPENSE','y.zoufari')
,('ROLE_IFINANCE','y.zoufari')
,('ROLE_MYHR','y.zoufari')
,('ROLE_MYTOOLS','y.zoufari')
,('ROLE_WTR','y.zoufari')
;
INSERT INTO user_role (role,user_username) VALUES 
('ROLE_IEXPENSE','ya.zoufari')
,('ROLE_IFINANCE','ya.zoufari')
,('ROLE_MYHR','ya.zoufari')
,('ROLE_MYTOOLS','ya.zoufari')
,('ROLE_WTR','ya.zoufari')
,('ROLE_IEXPENSE','z.aitbelhaj')
,('ROLE_IFINANCE','z.aitbelhaj')
,('ROLE_ILOGISTICS','z.aitbelhaj')
,('ROLE_ILOGISTICS_SE','z.aitbelhaj')
,('ROLE_ILOGISTICS_USER','z.aitbelhaj')
;
INSERT INTO user_role (role,user_username) VALUES 
('ROLE_MYHR','z.aitbelhaj')
,('ROLE_MYTOOLS','z.aitbelhaj')
,('ROLE_WTR','z.aitbelhaj')
,('ROLE_IEXPENSE','z.almoumni')
,('ROLE_IFINANCE','z.almoumni')
,('ROLE_MYHR','z.almoumni')
,('ROLE_MYTOOLS','z.almoumni')
,('ROLE_WTR','z.almoumni')
,('ROLE_IEXPENSE','z.atif')
,('ROLE_IFINANCE','z.atif')
;
INSERT INTO user_role (role,user_username) VALUES 
('ROLE_MYHR','z.atif')
,('ROLE_MYTOOLS','z.atif')
,('ROLE_WTR','z.atif')
,('ROLE_IEXPENSE','z.bazine')
,('ROLE_MYHR','z.bazine')
,('ROLE_MYTOOLS','z.bazine')
,('ROLE_WTR','z.bazine')
,('ROLE_IEXPENSE','z.boudlal')
,('ROLE_IFINANCE','z.boudlal')
,('ROLE_MYHR','z.boudlal')
;
INSERT INTO user_role (role,user_username) VALUES 
('ROLE_MYTOOLS','z.boudlal')
,('ROLE_WTR','z.boudlal')
,('ROLE_IEXPENSE','z.bououarda')
,('ROLE_IFINANCE','z.bououarda')
,('ROLE_MYHR','z.bououarda')
,('ROLE_MYTOOLS','z.bououarda')
,('ROLE_WTR','z.bououarda')
,('ROLE_IEXPENSE','z.elallaoui')
,('ROLE_MYHR','z.elallaoui')
,('ROLE_MYTOOLS','z.elallaoui')
;
INSERT INTO user_role (role,user_username) VALUES 
('ROLE_WTR','z.elallaoui')
,('ROLE_IEXPENSE','z.elkarch')
,('ROLE_MYHR','z.elkarch')
,('ROLE_MYTOOLS','z.elkarch')
,('ROLE_WTR','z.elkarch')
,('ROLE_IEXPENSE','z.ennouri')
,('ROLE_IFINANCE','z.ennouri')
,('ROLE_MYHR','z.ennouri')
,('ROLE_MYTOOLS','z.ennouri')
,('ROLE_WTR','z.ennouri')
;
INSERT INTO user_role (role,user_username) VALUES 
('ROLE_IEXPENSE','z.hammaini')
,('ROLE_MYHR','z.hammaini')
,('ROLE_MYTOOLS','z.hammaini')
,('ROLE_WTR','z.hammaini')
,('ROLE_WTR','z.henine')
,('ROLE_IEXPENSE','z.jaoui')
,('ROLE_IFINANCE','z.jaoui')
,('ROLE_MYHR','z.jaoui')
,('ROLE_MYTOOLS','z.jaoui')
,('ROLE_WTR','z.jaoui')
;
INSERT INTO user_role (role,user_username) VALUES 
('ROLE_IEXPENSE','z.jlidat')
,('ROLE_MYHR','z.jlidat')
,('ROLE_MYTOOLS','z.jlidat')
,('ROLE_WTR','z.jlidat')
,('ROLE_IEXPENSE','z.karame')
,('ROLE_IFINANCE','z.karame')
,('ROLE_MYHR','z.karame')
,('ROLE_MYTOOLS','z.karame')
,('ROLE_WTR','z.karame')
,('ROLE_IEXPENSE','z.labrakh')
;
INSERT INTO user_role (role,user_username) VALUES 
('ROLE_MYHR','z.labrakh')
,('ROLE_MYTOOLS','z.labrakh')
,('ROLE_WTR','z.labrakh')
,('ROLE_WTR','z.menasri')
,('ROLE_IEXPENSE','z.mkabri')
,('ROLE_MYHR','z.mkabri')
,('ROLE_MYTOOLS','z.mkabri')
,('ROLE_WTR','z.mkabri')
,('ROLE_IEXPENSE','z.mrabet')
,('ROLE_IFINANCE','z.mrabet')
;
INSERT INTO user_role (role,user_username) VALUES 
('ROLE_ILOGISTICS','z.mrabet')
,('ROLE_ILOGISTICS_SE','z.mrabet')
,('ROLE_ILOGISTICS_USER','z.mrabet')
,('ROLE_MYHR','z.mrabet')
,('ROLE_MYTOOLS','z.mrabet')
,('ROLE_WTR','z.mrabet')
,('ROLE_IEXPENSE','z.omessaouda')
,('ROLE_MYHR','z.omessaouda')
,('ROLE_MYTOOLS','z.omessaouda')
,('ROLE_WTR','z.omessaouda')
;
INSERT INTO user_role (role,user_username) VALUES 
('ROLE_IBUY','z.rchid')
,('ROLE_IEXPENSE','z.rchid')
,('ROLE_INVOICE','z.rchid')
,('ROLE_MR_PM','z.rchid')
,('ROLE_MYHR','z.rchid')
,('ROLE_MYPM','z.rchid')
,('ROLE_MYREPORTS','z.rchid')
,('ROLE_MYTOOLS','z.rchid')
,('ROLE_WTR','z.rchid')
,('ROLE_IEXPENSE','z.saoudi')
;
INSERT INTO user_role (role,user_username) VALUES 
('ROLE_MYHR','z.saoudi')
,('ROLE_MYTOOLS','z.saoudi')
,('ROLE_WTR','z.saoudi')
,('ROLE_MR_HR','z.zeroual');


update user_role ur set role = concat('ROLE_',role)  where role like 'IFINANCE%';
update user_role ur set  role = 'ROLE_IADMIN'  where role = 'ROLE_ADMIN';


